Name,Cap Hit
Chandler Jones,"$19,500,000 "
Patrick Peterson,"$11,884,588 "
Larry Fitzgerald,"$11,250,000 "
David Johnson,"$9,750,000 "
D.J. Humphries,"$9,625,000 "
Justin Pugh,"$7,375,000 "
Kyler Murray,"$6,392,481 "
Jordan Hicks,"$6,275,000 "
Robert Alford,"$6,000,000 "
Terrell Suggs,"$5,000,000 "
Marcus Gilbert,"$4,915,000 "
Corey Peters,"$4,656,250 "
D.J. Swearinger,"$4,484,375 "
J.R. Sweezy,"$3,968,750 "
Haason Reddick,"$3,675,809 "
Darius Philon,"$3,000,000 "
Robert Nkemdiche,"$2,736,555 "
Andy Lee,"$2,000,000 "
Charles Clay,"$1,906,250 "
Brett Hundley,"$1,875,000 "
Budda Baker,"$1,862,729 "
Max Garcia,"$1,796,875 "
Rodney Gunter,"$1,750,000 "
Brooks Reed,"$1,625,000 "
Kevin White,"$1,478,125 "
Byron Murphy,"$1,452,636 "
A.Q. Shipley,"$1,379,000 "
Christian Kirk,"$1,339,742 "
Tramaine Brock,"$1,325,000 "
Aaron Brewer,"$1,048,750 "
Brandon Williams,"$908,676 "
Chad Williams,"$848,072 "
Andy Isabella,"$841,794 "
David Amerson,"$805,000 "
Mason Cole,"$795,879 "
Zach Allen,"$780,684 "
Josh Shaw,"$735,000 "
Damiere Byrd,"$720,000 "
Pharoh Cooper,"$720,000 "
Rees Odhiambo,"$720,000 "
Jeremy Vujnovich,"$720,000 "
Hakeem Butler,"$696,126 "
T.J. Logan,"$695,484 "
Chase Edmonds,"$683,089 "
Johnathan Ford,"$680,045 "
Maxx Williams,"$645,000 "
Darrell Daniels,"$645,000 "
Vontarrius Dora,"$645,000 "
D.J. Foster,"$645,000 "
Zane Gonzalez,"$645,000 "
Will Holden,"$645,000 "
Cameron Malveaux,"$645,000 "
Ricky Seals-Jones,"$645,000 "
Pita Taumoepenu,"$645,000 "
Vincent Valentine,"$645,000 "
Tanner Vallejo,"$645,000 "
Joe Walker,"$645,000 "
Korey Cunningham,"$587,267 "
Deionte Thompson,"$582,208 "
Trent Sherfield,"$573,333 "
Dennis Gardeck,"$572,000 "
Ezekiel Turner,"$571,000 "
Colby Gossett,"$570,000 "
Chris Jones,"$570,000 "
Andrew Lauderdale,"$570,000 "
Deatrick Nichols,"$570,000 "
Pete Robertson,"$570,000 "
Keesean Johnson,"$547,328 "
Lamont Gaillard,"$542,034 "
Joshua Miles,"$513,644 "
Caleb Wilson,"$513,644 "
Michael Dogbe,"$513,572 "
Jonathan Owens,"$499,000 "
Drew Anderson,"$495,000 "
Drew Belcher,"$495,000 "
Dante Booker,"$495,000 "
Nate Brooks,"$495,000 "
Miles Brown,"$495,000 "
Tariq Cole,"$495,000 "
Wes Hills,"$495,000 "
Chad Kanoff,"$495,000 "
A.J. Richardson,"$495,000 "
Coleman Shelton,"$495,000 "
Tyler Sigler,"$495,000 "
Dontae Strickland,"$495,000 "
William Sweet,"$495,000 "
Xavier Turner,"$495,000 "
Immanuel Turner,"$495,000 "
Ryan Winslow,"$495,000 "
Terrell McClain,0- 
Kyler Murray,"$6,370,000 "
Byron Murphy,"$1,391,000 "
Andy Isabella,"$840,472 "
Zach Allen,"$779,595 "
Hakeem Butler,"$741,125 "
Deionte Thompson,"$582,208 "
Keesean Johnson,"$547,128 "
Lamont Gaillard,"$541,854 "
Joshua Miles,"$513,572 "
Michael Dogbe,"$513,572 "
Caleb Wilson,"$513,572 "
Josh Rosen,"$8,158,776 "
Jermaine Gresham,"$5,750,000 "
Sam Bradford,"$5,000,000 "
Mike Iupati,"$3,742,500 "
Mike Glennon,"$3,000,000 "
Antoine Bethea,"$2,159,168 "
Andre Smith,"$1,292,500 "
Josh Bynes,"$666,667 "
Brice Butler,"$150,000 "
Will Holden,"$134,064 "
Chris Campbell,"$128,054 "
Evan Boehm,"$126,620 "
Matt Ryan,"$15,800,000 "
Desmond Trufant,"$13,900,000 "
Julio Jones,"$13,466,667 "
Vic Beasley,"$12,810,000 "
Jake Matthews,"$11,089,200 "
Alex Mack,"$11,050,000 "
Mohamed Sanu,"$7,650,000 "
Devonta Freeman,"$6,750,000 "
Ricardo Allen,"$4,875,000 "
Jamon Brown,"$4,333,333 "
Jack Crawford,"$3,658,334 "
Keanu Neal,"$3,416,523 "
Ty Sambrailo,"$3,250,000 "
James Carpenter,"$2,875,000 "
Takkarist McKinley,"$2,786,326 "
Chris Lindstrom,"$2,666,012 "
Matt Bosher,"$2,545,000 "
Calvin Ridley,"$2,477,434 "
Austin Hooper,"$2,218,357 "
De'Vondre Campbell,"$2,166,382 "
Luke Stocker,"$2,150,000 "
Wes Schweitzer,"$2,058,096 "
Adrian Clayborn,"$1,960,000 "
Kaleb McGary,"$1,866,498 "
Deion Jones,"$1,446,342 "
Matt Schaub,"$1,405,000 "
Isaiah Oliver,"$1,053,783 "
Duke Riley,"$948,938 "
Josh Harris,"$930,000 "
Deadrin Senat,"$826,490 "
Logan Paulsen,"$735,000 "
Kenjon Barner,"$735,000 "
Tyeler Davison,"$735,000 "
Justin Hardy,"$735,000 "
Kemal Ishmael,"$735,000 "
J.J. Wilcox,"$735,000 "
Blidi Wreh-Wilson,"$735,000 "
Ito Smith,"$725,218 "
Sharrod Neasman,"$720,000 "
John Wetzel,"$720,000 "
Damontae Kazee,"$717,230 "
Eric Saubert,"$701,847 "
Kendall Sheffield,"$684,197 "
Ra'Shede Hageman,"$650,294 "
Bruce Carter,"$645,000 "
Adam Gettis,"$645,000 "
Michael Bennett,"$645,000 "
Brian Hill,"$645,000 "
Giorgio Tavecchio,"$645,000 "
John Cominsky,"$617,098 "
Russell Gage,"$609,048 "
Foyesade Oluokun,"$606,657 "
Qadree Ollison,"$572,891 "
Matt Gono,"$572,500 "
Jermaine Grace,"$570,000 "
Sean Harlow,"$570,000 "
Dieugot Joseph,"$570,000 "
Ryan Neal,"$570,000 "
Chris Odom,"$570,000 "
Ricky Ortiz,"$570,000 "
Justin Zimmer,"$570,000 "
Jordan Miller,"$553,497 "
Marcus Green,"$531,963 "
Rashard Causey,"$498,333 "
Yurik Bethune,"$496,166 "
Parker Baldwin,"$495,833 "
Lanard Bonner,"$495,666 "
Shawn Bane,"$495,500 "
Kurt Benkert,"$495,000 "
Christian Blake,"$495,000 "
Tony Brooks-James,"$495,000 "
Travez Calhoun,"$495,000 "
Chris Cooper,"$495,000 "
Tre Crawford,"$495,000 "
Jaeden Graham,"$495,000 "
Alex Gray,"$495,000 "
Devin Gray,"$495,000 "
Austin Larkin,"$495,000 "
Kahlil Lewis,"$495,000 "
Durrant Miles,"$495,000 "
Chandler Miller,"$495,000 "
Del'Shawn Phillips,"$495,000 "
Jaelin Robinson,"$495,000 "
Jayson Stanley,"$495,000 "
Jason Thompson,"$495,000 "
Jacob Tuioti-Mariner,"$495,000 "
Kyle Vasey,"$495,000 "
C.J. Worton,"$495,000 "
Olamide Zaccheaus,"$495,000 "
Steven Means,"$735,000 "
Jeremy Langford,"$408,000 "
Chris Lindstrom,"$2,666,011 "
Kaleb McGary,"$1,861,270 "
Kendall Sheffield,"$684,197 "
John Cominsky,"$616,633 "
Qadree Ollison,"$572,593 "
Jordan Miller,"$553,497 "
Marcus Green,"$531,824 "
Brandon Fusco,"$1,500,000 "
Matt Bryant,"$1,333,334 "
Ryan Schraeder,"$1,300,000 "
Robert Alford,"$1,200,000 "
Levine Toilolo,"$1,000,000 "
Brooks Reed,"$940,000 "
Sean Harlow,"$273,248 "
Devin Fuller,"$18,446 "
Kurt Benkert,"$6,667 "
Jacob Tuioti-Mariner,"$6,667 "
Chris Lammons,"$3,334 "
Daniel Marx,"$3,334 "
Jimmy Smith,"$15,850,685 "
Brandon Williams,"$14,170,000 "
Tony Jefferson,"$12,656,666 "
Marshal Yanda,"$9,125,222 "
Willie Snead,"$7,200,000 "
Brandon Carr,"$7,000,000 "
Earl Thomas,"$7,000,000 "
Ronnie Stanley,"$6,517,744 "
James Hurst,"$4,750,000 "
Justin Tucker,"$4,696,668 "
Sam Koch,"$3,950,000 "
Tavon Young,"$3,651,282 "
Mark Ingram,"$3,333,333 "
Nick Boyle,"$3,333,333 "
Marlon Humphrey,"$3,231,131 "
Patrick Onwuasor,"$3,095,000 "
Michael Pierce,"$3,095,000 "
Hayden Hurst,"$2,508,188 "
Lamar Jackson,"$2,152,646 "
Alex Lewis,"$2,147,975 "
Matt Judon,"$2,088,934 "
Seth Roberts,"$2,000,000 "
Justin Bethel,"$2,000,000 "
Anthony Levine,"$1,733,334 "
Tyus Bowser,"$1,520,621 "
Robert Griffin,"$1,500,000 "
Morgan Cox,"$1,240,000 "
Shane Ray,"$1,200,000 "
Pernell McPhee,"$1,030,000 "
Cyrus Jones,"$996,000 "
Chris Wormley,"$960,660 "
Tim Williams,"$904,170 "
Chris Moore,"$869,090 "
Orlando Brown,"$843,430 "
Mark Andrews,"$833,665 "
Willie Henry,"$815,849 "
Kenneth Dixon,"$807,391 "
Maurice Canady,"$745,089 "
Anthony Averett,"$735,249 "
Kenny Young,"$729,976 "
Jaylon Ferguson,"$720,827 "
Tyler Ervin,"$720,000 "
Chuck Clark,"$688,701 "
Justice Hill,"$680,414 "
Ben Powers,"$669,383 "
Iman Marshall,"$663,299 "
Patrick Ricard,"$647,168 "
Michael Floyd,"$645,000 "
Jermaine Eluemunor,"$645,000 "
Stanley Jean-Baptiste,"$645,000 "
Matt Skura,"$645,000 "
Jaleel Scott,"$640,095 "
Jordan Lasley,"$637,169 "
Deshon Elliott,"$609,448 "
Bradley Bozeman,"$599,602 "
Greg Senat,"$599,602 "
Zach Sieler,"$590,170 "
Chris Board,"$571,333 "
Kaare Vedvik,"$571,333 "
Gus Edwards,"$570,000 "
Matthew Thomas,"$570,000 "
De’Lance Turner,"$570,000 "
Darrell Williams,"$570,000 "
Daylon Mack,"$569,820 "
Trace McSorley,"$535,172 "
Mike Onuoha,"$499,000 "
Otaro Alaka,"$498,333 "
Antoine Wesley,"$498,333 "
Gerald Willis,"$498,333 "
Patrick Mekari,"$497,666 "
Markus Jones,"$497,000 "
E.J. Ejiya,"$496,666 "
Silas Stewart,"$496,666 "
Charles Scarff,"$496,500 "
Cole Herdman,"$496,333 "
Marcus Applefield,"$496,000 "
Matthew Orzech,"$495,666 "
Sean Modster,"$495,166 "
Aaron Adeoye,"$495,000 "
Terrell Bonds,"$495,000 "
Randin Crecelius,"$495,000 "
Christopher Ezeala,"$495,000 "
Joe Horn,"$495,000 "
Bennett Jackson,"$495,000 "
Alvin Jones,"$495,000 "
R.J. Prince,"$495,000 "
Jaylen Smith,"$495,000 "
Patrick Vahe,"$495,000 "
Miles Boykin,0- 
Marquise Brown,0- 
Marquise Brown,"$2,136,869 "
Jaylon Ferguson,"$719,965 "
Miles Boykin,"$693,426 "
Justice Hill,"$679,707 "
Ben Powers,"$668,718 "
Iman Marshall,"$663,299 "
Daylon Mack,"$569,534 "
Trace McSorley,"$535,019 "
Joe Flacco,"$16,000,000 "
Michael Crabtree,"$4,666,668 "
Eric Weddle,"$1,750,000 "
Kamalei Correa,"$595,391 "
Nico Siragusa,"$314,690 "
Bronson Kaufusi,"$211,254 "
Jermaine Eluemunor,"$133,576 "
Jaelon Acklin,"$3,334 "
Alex Thompson,"$2,000 "
Tim White,"$2,000 "
Bam Bradley,$668 
Jerry Hughes,"$12,950,000 "
Star Lotulelei,"$11,500,000 "
Mitch Morse,"$10,937,500 "
LeSean McCoy,"$9,050,000 "
Trent Murphy,"$8,706,250 "
John Brown,"$7,500,000 "
Cole Beasley,"$6,900,000 "
Micah Hyde,"$6,618,750 "
Tyler Kroft,"$4,956,250 "
Josh Allen,"$4,814,326 "
Ty Nsekhe,"$4,800,000 "
Jordan Phillips,"$4,500,000 "
Jordan Poyer,"$4,325,000 "
Spencer Long,"$3,937,500 "
Lorenzo Alexander,"$3,750,000 "
Ed Oliver,"$3,557,301 "
Lee Smith,"$3,500,000 "
Jon Feliciano,"$3,453,125 "
Shaq Lawson,"$3,270,586 "
Steven Hauschka,"$3,250,000 "
Tremaine Edmunds,"$2,877,169 "
Russell Bodine,"$2,806,244 "
Tre'Davious White,"$2,752,121 "
Kevin Johnson,"$2,718,750 "
Andre Roberts,"$2,600,000 "
Patrick DiMarco,"$2,150,000 "
Vladimir Ducasse,"$2,083,334 "
Quinton Spain,"$2,050,000 "
Frank Gore,"$2,000,000 "
LaAdrian Waddle,"$2,000,000 "
Zay Jones,"$1,849,044 "
Rafael Bush,"$1,800,000 "
E.J. Gaines,"$1,787,500 "
Matt Barkley,"$1,737,500 "
Julian Stanford,"$1,525,000 "
Cody Ford,"$1,361,675 "
T.J. Yeldon,"$1,300,000 "
Dion Dawkins,"$1,140,883 "
Maurice Alexander,"$1,000,000 "
Reid Ferguson,"$850,000 "
Senorise Perry,"$810,000 "
Harrison Phillips,"$802,760 "
Devin Singletary,"$753,956 "
Eli Harold,"$735,000 "
Taron Johnson,"$731,517 "
Marcus Murphy,"$720,000 "
Lafayette Pitts,"$720,000 "
Denzel Rice,"$720,000 "
Robert Thomas,"$720,000 "
Matt Milano,"$710,376 "
Jeremiah Sirles,"$645,000 "
Victor Bolden,"$645,000 "
Deon Lacey,"$645,000 "
Dean Marlowe,"$645,000 "
Conor McDermott,"$645,000 "
Isaiah McKenzie,"$645,000 "
Kyle Peko,"$645,000 "
Eddie Yarbrough,"$645,000 "
Siran Neal,"$641,504 "
Wyatt Teller,"$633,530 "
Ray-Ray McCloud,"$609,956 "
Vosean Joseph,"$575,324 "
Jason Croom,"$572,000 "
Ike Boettger,"$570,000 "
Corey Bojorquez,"$570,000 "
Robert Foster,"$570,000 "
Ryan Lewis,"$570,000 "
Mike Love,"$570,000 "
Cam Phillips,"$570,000 "
Da'Mari Scott,"$570,000 "
Corey Thompson,"$570,000 "
Levi Wallace,"$570,000 "
De'Ondre Wesley,"$570,000 "
Jaquan Johnson,"$540,909 "
Darryl Johnson,"$519,522 "
Tommy Sweeney,"$519,046 "
David Sills,"$506,666 "
Tyree Jackson,"$500,000 "
Nick Easley,"$499,333 "
Juwan Foggie,"$497,666 "
Cory Carter,"$496,000 "
Nate Becker,"$495,000 "
Mik'Quan Deane,"$495,000 "
Tyrel Dodson,"$495,000 "
Cam Lewis,"$495,000 "
Garrett McGhin,"$495,000 "
Chase McLaughlin,"$495,000 "
L.T. Walton,"$495,000 "
Duke Williams,"$495,000 "
Dawson Knox,0- 
Christian Wade,"$495,000 "
Ed Oliver,"$3,565,521 "
Cody Ford,"$1,361,674 "
Devin Singletary,"$752,968 "
Dawson Knox,"$685,379 "
Vosean Joseph,"$575,324 "
Jaquan Johnson,"$540,909 "
Darryl Johnson,"$519,522 "
Tommy Sweeney,"$519,046 "
Charles Clay,"$4,500,000 "
A.J. McCarron,"$2,000,000 "
Chris Ivory,"$750,000 "
Andre Holmes,"$550,000 "
Adolphus Washington,"$188,574 "
Nathan Peterman,"$119,748 "
Derek Anderson,"$90,000 "
Tanner Vallejo,"$76,898 "
Austin Proehl,"$51,803 "
Jake Fisher,"$15,000 "
Robert Foster,"$8,000 "
Keith Towbridge,"$2,500 "
Cam Newton,"$23,200,000 "
Kawann Short,"$17,000,000 "
Mario Addison,"$10,666,668 "
Luke Kuechly,"$9,962,573 "
Dontari Poe,"$9,333,333 "
Shaq Thompson,"$9,232,000 "
Trai Turner,"$8,797,000 "
Gerald McCoy,"$8,437,500 "
Greg Olsen,"$6,662,500 "
Daryl Williams,"$5,296,875 "
Christian McCaffrey,"$4,702,172 "
Eric Reid,"$4,406,250 "
Bruce Irvin,"$4,000,000 "
Matt Paradis,"$3,862,500 "
Graham Gano,"$3,687,500 "
Ross Cockrell,"$3,600,000 "
Torrey Smith,"$3,000,000 "
Vernon Butler,"$2,671,618 "
D.J. Moore,"$2,538,935 "
Jarius Wright,"$2,466,666 "
Curtis Samuel,"$1,760,095 "
Tyler Larsen,"$1,716,666 "
Chris Hogan,"$1,450,000 "
Michael Palardy,"$1,400,000 "
Kyle Love,"$1,350,000 "
Colin Jones,"$1,290,000 "
James Bradberry,"$1,260,266 "
J.J. Jansen,"$1,170,000 "
Taylor Moton,"$1,134,042 "
Donte Jackson,"$1,093,755 "
Greg Van,"$1,080,000 "
Rashaan Gaulden,"$837,164 "
Lorenzo Doss,"$805,000 "
Taylor Heinicke,"$805,000 "
Aldrick Robinson,"$805,000 "
Jared Norris,"$795,000 "
Ian Thomas,"$756,998 "
Cameron Artis-Payne,"$735,000 "
T.J. Barnes,"$725,000 "
Destiny Vaeao,"$725,000 "
Kevon Seymour,"$720,000 "
Ian Silberman,"$720,000 "
Corn Elder,"$714,474 "
Will Grier,"$700,545 "
Marquis Haynes,"$683,089 "
Christian Miller,"$678,552 "
Rashad Ross,"$655,000 "
Alex Armah,"$645,000 "
Bryan Cox,"$645,000 "
Temarrick Hemingway,"$645,000 "
DeAndrew White,"$645,000 "
Jermaine Carter,"$638,343 "
Andre Smith,"$592,264 "
Jordan Scarlett,"$572,353 "
Dillon Gordon,"$570,000 "
Woodrow Hamilton,"$570,000 "
Taylor Hearn,"$570,000 "
Kai Nacua,"$570,000 "
Efe Obada,"$570,000 "
Elijah Qualls,"$570,000 "
Jason Vander,"$570,000 "
Antwione Williams,"$570,000 "
Dennis Daley,"$526,838 "
Terry Godwin,"$515,375 "
Brandon Greene,"$505,000 "
Marcus Baugh,"$500,000 "
Parker Collins,"$500,000 "
Kitt O'Brien,"$500,000 "
Kyle Allen,"$495,000 "
Kofi Amichia,"$495,000 "
Corrion Ballard,"$495,000 "
Quin Blanding,"$495,000 "
Reggie Bonnafon,"$495,000 "
Jonathan Celestin,"$495,000 "
Brandon Chubb,"$495,000 "
Elijah Holyfield,"$495,000 "
Elijah Hood,"$495,000 "
Cole Hunt,"$495,000 "
Damion Jeanpiere,"$495,000 "
Dorian Johnson,"$495,000 "
Jordan Kunaszyk,"$495,000 "
Andre Levrone,"$495,000 "
Cole Luke,"$495,000 "
Damien Parms,"$495,000 "
Josh Thornton,"$495,000 "
Ethan Wolf,"$495,000 "
Brian Burns,0- 
Javien Elliott,0- 
Greg Little,0- 
Chris Manhertz,0- 
Mose Frazier,"$570,000 "
Brian Burns,"$2,454,354 "
Greg Little,"$1,385,488 "
Will Grier,"$685,379 "
Christian Miller,"$678,551 "
Jordan Scarlett,"$572,354 "
Dennis Daley,"$526,838 "
Terry Godwin,"$515,375 "
Matt Kalil,"$4,900,000 "
Captain Munnerlyn,"$3,000,000 "
Da'Norris Searcy,"$650,000 "
Daeshon Hall,"$430,876 "
Kendrick Norton,"$56,235 "
Thomas Duarte,"$5,000 "
Brendan Mahon,"$4,166 "
Cole Luke,"$3,334 "
Fred Ross,"$3,334 "
Allen Robinson,"$15,000,000 "
Kyle Fuller,"$13,500,000 "
Khalil Mack,"$11,900,000 "
Akiem Hicks,"$10,100,000 "
Prince Amukamara,"$9,500,000 "
Charles Leno,"$8,900,000 "
Trey Burton,"$8,550,000 "
Mitchell Trubisky,"$7,917,933 "
Danny Trevathan,"$7,650,000 "
Taylor Gabriel,"$6,500,000 "
Chase Daniel,"$6,000,000 "
Kyle Long,"$5,600,000 "
Eddie Goldman,"$5,300,000 "
Leonard Floyd,"$5,021,819 "
Cordarrelle Patterson,"$4,234,375 "
Roquan Smith,"$4,199,356 "
Bobby Massie,"$3,800,000 "
HaHa Clinton-Dix,"$3,250,000 "
Nick Kwiatkoski,"$2,168,780 "
Buster Skrine,"$2,100,000 "
Mike Davis,"$2,000,000 "
Sherrick McManis,"$1,987,500 "
Bradley Sowell,"$1,800,000 "
Pat O'Donnell,"$1,650,000 "
Adam Shaheen,"$1,611,965 "
James Daniels,"$1,579,581 "
Aaron Lynch,"$1,453,125 "
Cody Whitehair,"$1,344,180 "
Anthony Miller,"$1,216,750 "
Ben Braunecker,"$1,043,750 "
Jonathan Bullard,"$1,026,630 "
Deon Bush,"$851,556 "
Eddie Jackson,"$811,449 "
Patrick Scales,"$810,000 "
Tarik Cohen,"$803,914 "
DeAndre Houston-Carson,"$770,000 "
Joel Iyiegbuniwe,"$739,643 "
Ted Larsen,"$735,000 "
Nick Williams,"$735,000 "
Tyler Bray,"$666,400 "
Riley Ridley,"$665,000 "
Cornelius Lucas,"$655,000 "
T.J. Clemmings,"$645,000 "
Rashaad Coward,"$645,000 "
Marvin Hall,"$645,000 "
Isaiah Irving,"$645,000 "
Taquan Mizzell,"$645,000 "
Roy Robertson-Harris,"$645,000 "
Bilal Nichols,"$644,870 "
Kylie Fitts,"$613,050 "
Javon Wims,"$593,978 "
Kevin Toliver,"$575,000 "
Tanner Gentry,"$570,000 "
Kerrith Whyte,"$520,270 "
Stephen Denmark,"$515,162 "
Dax Raymond,"$500,000 "
Chuck Harris,"$499,166 "
Emanuel Hall,"$499,000 "
Mathieu Betts,"$498,333 "
Alex Bars,"$496,666 "
Ian Bunting,"$496,666 "
Doyin Jibowu,"$496,666 "
Marquez Tucker,"$496,666 "
Daryle Banfield,"$496,500 "
Ellis Richardson,"$496,500 "
Sam Mustipher,"$496,166 "
Blake Blackmar,"$495,833 "
Jonathan Harris,"$495,833 "
Joe Lowery,"$495,833 "
John Wirtel,"$495,833 "
Abdullah Anderson,"$495,000 "
Chris Blewitt,"$495,000 "
Jalen Dalton,"$495,000 "
Clifton Duck,"$495,000 "
John Franklin,"$495,000 "
Elliott Fry,"$495,000 "
Jesper Horsted,"$495,000 "
Thomas Ives,"$495,000 "
Michael Joseph,"$495,000 "
Jonathan Mincy,"$495,000 "
Ryan Nall,"$495,000 "
Eddy Piniero,"$495,000 "
Josh Simmons,"$495,000 "
Jameer Thurman,"$495,000 "
James Vaughters,"$495,000 "
Jordan Williams-Lambert,"$495,000 "
Josh Woods,"$495,000 "
David Montgomery,0- 
Kevin Pierre-Louis,0- 
Duke Shelley,0- 
Jomon Dotson,"$379,666 "
Rashard Fant,"$495,333 "
David Montgomery,"$755,548 "
Riley Ridley,"$664,999 "
Duke Shelley,"$526,838 "
Kerrith Whyte,"$520,270 "
Stephen Denmark,"$515,162 "
Cody Parkey,"$4,062,500 "
Dion Sims,"$333,334 "
Sam Acho,"$250,000 "
Deiondre' Hall,"$191,586 "
Jordan Morgan,"$148,018 "
Jordan Howard,"$62,007 "
Jonathan Mincy,"$10,000 "
Rashard Fant,$667 
Andrew Trumbetti,$667 
Andy Dalton,"$16,200,000 "
A.J. Green,"$15,176,000 "
Geno Atkins,"$14,600,000 "
Dre Kirkpatrick,"$10,953,125 "
Carlos Dunlap,"$10,350,000 "
Cordy Glenn,"$9,250,000 "
C.J. Uzomah,"$6,083,333 "
Bobby Hart,"$5,900,000 "
Clint Boling,"$5,750,000 "
John Miller,"$5,314,583 "
Preston Brown,"$4,720,833 "
John Ross,"$4,667,963 "
Giovani Bernard,"$4,500,000 "
Darqueze Dennard,"$4,453,125 "
Shawn Williams,"$4,450,000 "
Jonah Williams,"$3,205,485 "
Trey Hopkins,"$3,095,000 "
William Jackson,"$3,088,161 "
Tyler Eifert,"$3,025,000 "
B.W. Webb,"$3,000,000 "
Kevin Huber,"$2,750,000 "
Billy Price,"$2,661,929 "
Nick Vigil,"$2,223,908 "
Randy Bullock,"$1,825,000 "
Alex Erickson,"$1,766,666 "
Joe Mixon,"$1,486,410 "
Kerry Wynn,"$1,387,500 "
Tyler Boyd,"$1,355,127 "
Jessie Bates,"$1,124,503 "
Clark Harris,"$1,110,000 "
Drew Sample,"$1,001,145 "
Jordan Willis,"$980,850 "
Sam Hubbard,"$872,300 "
Malik Jefferson,"$865,932 "
Andrew Billings,"$853,962 "
Carl Lawson,"$808,153 "
Josh Malone,"$794,810 "
Christian Westerman,"$777,924 "
Cody Core,"$751,983 "
Ryan Glasgow,"$749,912 "
Keivarae Russell,"$745,000 "
Clayton Fejedelem,"$735,889 "
Jeff Driskel,"$720,000 "
Christian Ringo,"$720,000 "
Jordan Evans,"$684,126 "
Renell Wren,"$664,925 "
Mason Schreck,"$661,067 "
Tony McRae,"$645,000 "
Hardy Nickerson,"$645,000 "
Josh Tupou,"$645,000 "
Brandon Wilson,"$645,000 "
Davontae Harris,"$642,143 "
Darius Phillips,"$624,388 "
Michael Jordan,"$617,098 "
Cethan Carter,"$573,334 "
Demetrious Cox,"$570,000 "
Jordan Franks,"$570,000 "
Niles Scott,"$570,000 "
Hunter Sharp,"$570,000 "
Auden Tate,"$570,000 "
Trayveon Williams,"$540,322 "
Rodney Anderson,"$526,839 "
Deshaun Davis,"$526,839 "
Jordan Brown,"$520,189 "
Rod Taylor,"$512,267 "
Damion Willis,"$500,000 "
Trayvon Henderson,"$497,000 "
Curtis Akins,"$495,000 "
Moritz Boehringer,"$495,000 "
Andrew Brown,"$495,000 "
Ventell Bryant,"$495,000 "
Anthony Chesley,"$495,000 "
Noah Dawkins,"$495,000 "
Jacob Dolegala,"$495,000 "
O’Shea Dugas,"$495,000 "
Jordan Ellis,"$495,000 "
Justin Evans,"$495,000 "
Quinton Flowers,"$495,000 "
Darrin Hall,"$495,000 "
Tyree Kinnel,"$495,000 "
Brad Lundblade,"$495,000 "
Stanley Morgan,"$495,000 "
Kent Perkins,"$495,000 "
Sterling Sheffield,"$495,000 "
Keaton Sutherland,"$495,000 "
Tristan Vizcaino,"$495,000 "
Levonte Whitfield,"$495,000 "
Chris Worley,"$495,000 "
Alex Redmond,"$493,236 "
Ryan Finley,0- 
Germaine Pratt,0- 
Javarius Leamon,- 
Jonah Williams,"$3,195,154 "
Drew Sample,"$999,215 "
Germaine Pratt,"$757,216 "
Ryan Finley,"$691,662 "
Renell Wren,"$664,999 "
Michael Jordan,"$616,633 "
Trayveon Williams,"$540,321 "
Deshaun Davis,"$526,838 "
Rodney Anderson,"$526,838 "
Jordan Brown,"$520,189 "
Vontaze Burfict,"$1,806,250 "
George Iloka,"$1,200,000 "
Mark Walton,"$514,011 "
Ryan Hewitt,"$375,000 "
Matt Barkley,"$250,000 "
Andrew Brown,"$208,810 "
Logan Woodside,"$52,498 "
Auden Tate,"$51,803 "
"Odell Beckham,","$17,000,000 "
Olivier Vernon,"$15,500,000 "
Jarvis Landry,"$14,050,000 "
Sheldon Richardson,"$9,666,666 "
Damarious Randall,"$9,069,000 "
Travis Carrie,"$8,900,000 "
Myles Garrett,"$8,294,251 "
Christian Kirksey,"$8,200,000 "
Baker Mayfield,"$7,427,950 "
Chris Hubbard,"$7,300,000 "
J.C. Tretter,"$7,250,000 "
Joel Bitonio,"$7,000,000 "
Greg Robinson,"$7,000,000 "
Denzel Ward,"$6,628,490 "
Chris Smith,"$4,416,666 "
Drew Stanton,"$3,765,625 "
Terrance Mitchell,"$3,466,666 "
Duke Johnson,"$3,050,000 "
Britton Colquitt,"$2,700,000 "
David Njoku,"$2,597,753 "
Morgan Burnett,"$2,596,875 "
Demetrius Harris,"$2,487,500 "
Joe Schobert,"$2,183,489 "
Adarius Taylor,"$2,040,625 "
Rashard Higgins,"$2,025,000 "
Eric Murray,"$2,025,000 "
Carl Davis,"$2,000,000 "
Austin Corbett,"$1,717,745 "
Kendall Lamm,"$1,687,500 "
Nick Chubb,"$1,677,976 "
Ray-Ray Armstrong,"$1,543,750 "
Eric Kush,"$1,525,000 "
Greedy Williams,"$1,174,305 "
Larry Ogunjobi,"$1,065,591 "
Kareem Hunt,"$975,000 "
Chad Thomas,"$927,235 "
Bryan Witzmann,"$920,000 "
Seth Devalve,"$815,849 "
Charley Hughlett,"$805,000 "
Antonio Callaway,"$749,463 "
Sione Takitaki,"$735,219 "
Phillip Gaines,"$735,000 "
Juston Burris,"$720,000 "
Brian Price,"$720,000 "
Jaelen Strong,"$720,000 "
Anthony Zettel,"$720,000 "
Sheldrick Redwine,"$675,102 "
Orson Charles,"$645,000 "
Trevon Coley,"$645,000 "
Kyle Kalis,"$645,000 "
Lenzy Pipkins,"$645,000 "
Jermaine Whitehead,"$645,000 "
Genard Avery,"$642,236 "
Garrett Gilbert,"$632,500 "
Damion Ratley,"$618,466 "
Mack Wilson,"$572,201 "
Derrick Willies,"$570,833 "
Pharaoh Brown,"$570,000 "
Dontrell Hilliard,"$570,000 "
Greg Joseph,"$570,000 "
Devaroe Lawrence,"$570,000 "
Tavierre Thomas,"$570,000 "
Austin Seibert,"$560,114 "
Drew Forbes,"$537,334 "
Donnie Lewis,"$520,481 "
David Blough,"$501,666 "
Jarrell Owens,"$500,000 "
Wyatt Ray,"$500,000 "
Willie Wright,"$500,000 "
Jamie Gillan,"$498,333 "
Dedrick Young,"$497,500 "
J.T. Hassell,"$497,333 "
Brian Fineanganofo,"$496,000 "
DJ Montgomery,"$496,000 "
Stephen Carlson,"$495,833 "
Dorian Baker,"$495,500 "
Anthony Stubbs,"$495,500 "
Jermaine Ponder,"$495,333 "
Ka’John Armstrong,"$495,000 "
Jhavonte Dean,"$495,000 "
Daniel Ekuale,"$495,000 "
Trayone Gray,"$495,000 "
Willie Harvey,"$495,000 "
Ishmael Hyman,"$495,000 "
Blake Jackson,"$495,000 "
Robert Jackson,"$495,000 "
D’Ernest Johnson,"$495,000 "
Tigie Sankoh,"$495,000 "
Brad Seaton,"$495,000 "
Damon Sheehy-Guiseppi,"$495,000 "
Greedy Williams,"$1,171,714 "
Sione Takitaki,"$734,303 "
Sheldrick Redwine,"$674,416 "
Mack Wilson,"$571,905 "
Austin Seibert,"$559,866 "
Drew Forbes,"$537,173 "
Donnie Lewis,"$520,383 "
Kevin Zeitler,"$7,200,000 "
Jabrill Peppers,"$2,830,724 "
Jamie Collins,"$2,500,000 "
Carlos Hyde,"$2,333,334 "
Corey Coleman,"$1,669,091 "
Darren Fells,"$1,400,000 "
Emmanuel Ogbah,"$751,753 "
Howard Wilson,"$303,502 "
Carl Nassib,"$222,438 "
Shon Coleman,"$196,884 "
Ricardo Louis,"$141,964 "
Roderick Johnson,"$133,478 "
Derrick Kindred,"$124,839 "
Simeon Thomas,"$119,417 "
Caleb Brantley,"$89,986 "
Spencer Drango,"$51,914 "
Zane Gonzalez,"$44,578 "
Matt Dayes,"$32,134 "
Desmond Harrison,"$6,666 "
Brogan Roback,$667 
Tyron Smith,"$15,545,000 "
Zack Martin,"$14,000,000 "
Amari Cooper,"$13,924,000 "
DeMarcus Lawrence,"$11,100,000 "
Travis Frederick,"$10,975,000 "
Tyrone Crawford,"$10,100,000 "
La'el Collins,"$9,925,084 "
Robert Quinn,"$8,000,000 "
Ezekiel Elliott,"$7,940,655 "
Byron Jones,"$6,266,000 "
Allen Hurns,"$6,250,000 "
Sean Lee,"$6,012,500 "
Randall Cobb,"$4,562,500 "
Jason Witten,"$4,250,000 "
Jeff Heath,"$2,950,000 "
Taco Charlton,"$2,735,015 "
Leighton Vander,"$2,692,677 "
Chris Jones,"$2,300,000 "
Cameron Fleming,"$2,250,000 "
Maliek Collins,"$2,245,288 "
Joe Thomas,"$2,237,500 "
Dak Prescott,"$2,120,849 "
Jaylon Smith,"$2,066,584 "
Anthony Brown,"$2,058,739 "
Jamize Olawale,"$1,700,000 "
Christian Covington,"$1,687,500 "
Joe Looney,"$1,625,000 "
Tavon Austin,"$1,328,125 "
Connor Williams,"$1,247,498 "
Chidobe Awuzie,"$1,168,251 "
Kerry Hyder,"$887,500 "
Trysten Hill,"$885,450 "
Jourdan Lewis,"$863,357 "
Michael Gallup,"$851,495 "
Xavier Su'a-Filo,"$830,000 "
Kavon Frazier,"$745,089 "
Dorance Armstrong,"$737,499 "
L.P. Ladouceur,"$735,000 "
George Iloka,"$735,000 "
C.J. Goodwin,"$720,000 "
Justin March,"$720,000 "
Darian Thompson,"$720,000 "
Xavier Woods,"$684,972 "
Dalton Schultz,"$683,089 "
Noah Brown,"$662,984 "
Tony Pollard,"$661,945 "
Blake Jarwin,"$653,868 "
Cooper Rush,"$646,668 "
Darius Jackson,"$645,000 "
Adam Redmond,"$645,000 "
Daniel Ross,"$645,000 "
Devin Smith,"$645,000 "
Cody Wichmann,"$645,000 "
Mike White,"$624,388 "
Chris Covington,"$609,077 "
Rico Gathers,"$586,668 "
Michael Jackson,"$570,855 "
Treston Decoud,"$570,000 "
Korren Kirven,"$570,000 "
Lance Lenoir,"$570,000 "
Brett Maher,"$570,000 "
Antwaun Woods,"$570,000 "
Joe Jackson,"$566,422 "
Donovan Wilson,"$526,839 "
Cedrick Wilson,"$524,602 "
Mike Weber,"$522,098 "
Jalen Jelks,"$514,667 "
Chris Westry,"$498,333 "
Luke Gifford,"$496,666 "
Brandon Knight,"$496,666 "
Larry Allen,"$495,000 "
Jake Campos,"$495,000 "
Jordan Chunn,"$495,000 "
Reggie Davis,"$495,000 "
Andrew Dowell,"$495,000 "
Jalen Guyton,"$495,000 "
Nate Hall,"$495,000 "
Mitch Hyatt,"$495,000 "
Jon’Vea Johnson,"$495,000 "
Codey McElroy,"$495,000 "
Donovan Olumba,"$495,000 "
Justin Phillips,"$495,000 "
Derrick Puni,"$495,000 "
Kyle Queiro,"$495,000 "
Kasey Redfern,"$495,000 "
Jameill Showers,"$495,000 "
Shakir Soto,"$495,000 "
Ricky Walker,"$495,000 "
Daniel Wise,"$495,000 "
Connor McGovern,0- 
Randy Gregory,"$155,000 "
Trysten Hill,"$885,450 "
Connor McGovern,"$714,687 "
Tony Pollard,"$661,944 "
Michael Jackson,"$570,565 "
Joe Jackson,"$566,422 "
Donovan Wilson,"$526,838 "
Mike Weber,"$522,097 "
Jalen Jelks,"$514,666 "
Terrance Williams,"$2,389,706 "
Orlando Scandrick,"$1,600,000 "
Charles Tapper,"$154,470 "
Bryce Johnson,$667 
Von Miller,"$25,125,000 "
Joe Flacco,"$18,500,000 "
Emmanuel Sanders,"$12,937,500 "
Chris Harris,"$11,916,668 "
Derek Wolfe,"$10,925,000 "
Ron Leary,"$9,218,750 "
Ja'Wuan James,"$8,000,000 "
Bradley Chubb,"$6,198,009 "
Kareem Jackson,"$6,000,000 "
Todd Davis,"$5,000,000 "
Bryce Callahan,"$4,239,583 "
Brandon McManus,"$4,000,000 "
Jeff Heuerman,"$3,187,500 "
Shelby Harris,"$3,095,000 "
Garett Bolles,"$3,008,700 "
Noah Fant,"$2,289,222 "
Justin Simmons,"$2,201,355 "
Connor McGovern,"$2,090,975 "
Will Parks,"$2,050,089 "
Zach Kerr,"$2,050,000 "
Courtland Sutton,"$1,554,981 "
Dekoda Watson,"$1,550,000 "
DeMarcus Walker,"$1,383,780 "
Kevin Hogan,"$1,290,000 "
Adam Gotsis,"$1,252,971 "
Casey Kreiter,"$1,000,000 "
Royce Freeman,"$910,255 "
Su'a Cravens,"$852,815 "
Devontae Booker,"$815,849 "
Billy Winn,"$805,000 "
Isaac Yiadom,"$794,129 "
Andy Janovich,"$761,078 "
Josey Jewell,"$748,495 "
Daesean Hamilton,"$740,659 "
Jake Butt,"$720,234 "
Jake Brendel,"$720,000 "
DeVante Bausby,"$655,000 "
Don Barclay,"$645,000 "
Chaz Green,"$645,000 "
Shamarko Thomas,"$645,000 "
Joe Jones,"$645,000 "
Brendan Langley,"$645,000 "
Mike Purcell,"$645,000 "
Dymonte Thomas,"$645,000 "
Aaron Wallace,"$645,000 "
Elijah Wilkinson,"$645,000 "
Sam Jones,"$612,138 "
Keishawn Bierria,"$599,602 "
Phillip Lindsay,"$575,000 "
Jamal Carter,"$573,334 "
Justin Hollins,"$571,433 "
Aaron Burbridge,"$570,000 "
River Cracraft,"$570,000 "
Jeff Holland,"$570,000 "
A.J. Johnson,"$570,000 "
Trey Marshall,"$570,000 "
Tim Patrick,"$570,000 "
Colby Wadman,"$570,000 "
DeShawn Williams,"$570,000 "
Troy Fumagalli,"$565,450 "
Juwann Winfree,"$537,813 "
Alijah Holder,"$501,000 "
Malik Reed,"$500,000 "
Trinity Benson,"$498,333 "
Joe Dineen,"$498,333 "
Brett Rypien,"$498,333 "
Josh Watson,"$497,500 "
Devontae Jackson,"$497,333 "
John Leglue,"$496,666 "
Kelvin McKnight,"$496,666 "
Austin Fort,"$496,166 "
Quinn Bailey,"$496,000 "
Romell Guerrier,"$496,000 "
George Aston,"$495,666 "
Ahmad Gooden,"$495,666 "
Taylor Bertolet,"$495,000 "
Fred Brown,"$495,000 "
Ryan Crozier,"$495,000 "
Bug Howard,"$495,000 "
Nathan Jacobson,"$495,000 "
Trey Johnson,"$495,000 "
Khalfani Muhammad,"$495,000 "
Horace Richardson,"$495,000 "
Jake Rodgers,"$495,000 "
Austin Schlottmann,"$495,000 "
Deyon Sizer,"$495,000 "
Linden Stephens,"$495,000 "
Dre'Mont Jones,0- 
Drew Lock,0- 
Dalton Risner,0- 
NIco Falah,"$402,411 "
Noah Fant,"$2,282,383 "
Dalton Risner,"$1,295,534 "
Drew Lock,"$1,271,722 "
Dre'Mont Jones,"$760,585 "
Justin Hollins,"$571,431 "
Juwann Winfree,"$537,812 "
Case Keenum,"$7,000,000 "
Brandon Marshall,"$4,000,000 "
Demaryius Thomas,"$3,533,334 "
Darian Stewart,"$2,800,000 "
Menelik Watson,"$1,333,334 "
Paxton Lynch,"$1,272,963 "
Carlos Henderson,"$408,992 "
Brendan Langley,"$353,144 "
Marquette King,"$333,334 "
Isaiah McKenzie,"$117,922 "
De'Angelo Henderson,"$72,576 "
David Williams,"$70,485 "
Chad Kelly,"$32,134 "
A.J. Johnson,"$23,334 "
Jaylen Johnson,"$10,000 "
Brian Wallace,"$10,000 "
Jeff Holland,"$10,000 "
Leon Johnson,"$6,667 "
Jimmy Williams,"$6,667 "
John Diarse,"$5,334 "
Trey Marshall,"$3,334 "
Austin Schlottmann,"$3,334 "
Matthew Stafford,"$29,500,000 "
Darius Slay,"$15,934,375 "
Ricky Wagner,"$11,900,000 "
Marvin Jones,"$9,183,333 "
Damon Harrison,"$7,000,000 "
Trey Flowers,"$6,419,000 "
Quandre Diggs,"$5,982,000 "
Devon Kennard,"$5,951,555 "
Theo Riddick,"$4,625,000 "
Danny Amendola,"$4,484,375 "
Christian Jones,"$4,175,000 "
T.J. Hockenson,"$3,603,859 "
Taylor Decker,"$3,489,495 "
Matt Prater,"$3,400,000 "
Kenny Wiggins,"$3,125,000 "
Sam Martin,"$3,000,000 "
Jarrad Davis,"$2,991,594 "
Justin Coleman,"$2,884,000 "
Frank Ragnow,"$2,677,304 "
Jesse James,"$2,284,000 "
Graham Glasgow,"$2,186,355 "
Rashaan Melvin,"$2,131,250 "
Tavon Wilson,"$2,065,625 "
Romeo Okwara,"$1,788,854 "
A'Shawn Robinson,"$1,665,248 "
Kerryon Johnson,"$1,478,111 "
C.J. Anderson,"$1,437,500 "
Jalen Tabor,"$1,315,358 "
Jahlani Tavai,"$1,253,449 "
Oday Aboushi,"$1,250,000 "
Tommylee Lewis,"$920,000 "
Andrew Adams,"$901,250 "
Miles Killebrew,"$864,641 "
Kenny Golladay,"$855,706 "
Tracy Walker,"$848,497 "
Jalen Reeves-Maybin,"$799,721 "
Michael Roberts,"$795,784 "
Joe Dahl,"$781,481 "
Da'shawn Hand,"$740,491 "
Don Muhlbach,"$735,000 "
Marcus Cooper,"$735,000 "
Tom Savage,"$735,000 "
Logan Thomas,"$735,000 "
Darius Kilgo,"$720,000 "
Jamal Agnew,"$709,591 "
Andrew Donnal,"$685,000 "
Connor Cook,"$685,000 "
Austin Bryant,"$677,459 "
Jerome Cunningham,"$645,000 "
Andy Jones,"$645,000 "
Eric Lee,"$645,000 "
Charles Washington,"$645,000 "
Tyrell Crosby,"$641,920 "
Amani Oruwariye,"$575,526 "
Brandon Powell,"$574,000 "
Michael Ford,"$570,000 "
Leo Koloamatangi,"$570,000 "
Mitchell Loewen,"$570,000 "
Steve Longa,"$570,000 "
Brandon Reilly,"$570,000 "
Dee Virgin,"$570,000 "
Travis Fulgham,"$539,538 "
Ty Johnson,"$537,976 "
Isaac Nauta,"$520,016 "
P.J. Johnson,"$519,037 "
Nick Bawden,"$516,051 "
Ryan Pope,"$501,666 "
Malik Carney,"$498,333 "
Deontez Alexander,"$495,000 "
John Atkins,"$495,000 "
Beau Benzschawel,"$495,000 "
Andre Chachere,"$495,000 "
Garret Dooley,"$495,000 "
Jon Duhart,"$495,000 "
David Jones,"$495,000 "
Tom Kennedy,"$495,000 "
Chris Lacy,"$495,000 "
Tre Lemar,"$495,000 "
C.J. Moore,"$495,000 "
Matt Nelson,"$495,000 "
Anthony Pittman,"$495,000 "
Ryan Santoso,"$495,000 "
Jordan Smallwood,"$495,000 "
Ray Smith,"$495,000 "
Micah St.,"$495,000 "
Kevin Strong,"$495,000 "
Mark Thompson,"$495,000 "
Jonathan Wynn,"$495,000 "
Will Harris,0- 
Jermaine Kearse,0- 
Zach Zenner,0- 
T.J. Hockenson,"$3,592,008 "
Jahlani Tavai,"$1,250,557 "
Will Harris,"$732,155 "
Austin Bryant,"$677,459 "
Amani Oruwariye,"$575,526 "
Travis Fulgham,"$539,536 "
Ty Johnson,"$537,974 "
Isaac Nauta,"$520,016 "
P.J. Johnson,"$519,037 "
T.J. Lang,"$2,666,668 "
Glover Quin,"$1,666,668 "
Nevin Lawson,"$1,125,000 "
Jeremiah Ledbetter,"$72,080 "
Anthony Zettel,"$30,930 "
Dwayne Washington,"$18,941 "
Chad Meredith,"$6,667 "
Michael Ford,"$5,000 "
Aaron Rodgers,"$26,500,000 "
David Bakhtiari,"$14,200,000 "
Jimmy Graham,"$12,666,666 "
Davante Adams,"$10,850,000 "
Mike Daniels,"$10,712,500 "
Bryan Bulaga,"$8,350,000 "
Corey Linsley,"$8,150,000 "
Za'Darius Smith,"$7,250,000 "
Tramon Williams,"$6,375,000 "
Preston Smith,"$6,000,000 "
Adrian Amos,"$5,900,000 "
Lane Taylor,"$5,475,000 "
Mason Crosby,"$4,850,000 "
Billy Turner,"$4,250,000 "
Kenny Clark,"$2,978,707 "
Rashan Gary,"$2,886,784 "
Jaire Alexander,"$2,738,802 "
Geronimo Allison,"$2,456,250 "
Darnell Savage,"$2,275,943 "
Kyler Fackrell,"$2,198,512 "
Dean Lowry,"$2,120,849 "
Blake Martinez,"$2,120,849 "
Marcedes Lewis,"$2,100,000 "
Kevin King,"$1,931,150 "
Jason Spriggs,"$1,592,277 "
Josh Jackson,"$1,421,841 "
Elgton Jenkins,"$1,230,389 "
Josh Jones,"$1,154,567 "
DeShone Kizer,"$914,856 "
Montravius Adams,"$872,194 "
Oren Burks,"$836,689 "
Kapri Bibbs,"$805,000 "
Jamaal Williams,"$786,498 "
Trevor Davis,"$776,794 "
Dan Vitale,"$720,000 "
Aaron Jones,"$695,487 "
J'Mon Moore,"$683,089 "
Malcolm Johnson,"$645,000 "
Justin McCray,"$645,000 "
Adam Pankey,"$645,000 "
Lucas Patrick,"$645,000 "
Deon Simon,"$645,000 "
Michael Tyson,"$645,000 "
JK Scott,"$624,388 "
Marquez Valdes-Scantling,"$624,388 "
Equanimeous St.,"$599,602 "
Hunter Bradley,"$589,335 "
Cole Madison,"$576,082 "
Kinsley Keke,"$573,316 "
Tim Boyle,"$572,000 "
Raven Greene,"$571,166 "
Alex Light,"$571,000 "
Tony Brown,"$570,000 "
Fadol Brown,"$570,000 "
Tra Carson,"$570,000 "
James Crawford,"$570,000 "
Jawill Davis,"$570,000 "
Kendall Donnerson,"$570,000 "
Reggie Gilbert,"$570,000 "
Natrell Jamerson,"$570,000 "
Jake Kumerow,"$570,000 "
Tyler Lancaster,"$570,000 "
James Looney,"$570,000 "
Will Redmond,"$570,000 "
Chandon Sullivan,"$570,000 "
Robert Tonyan,"$570,000 "
Ka'dar Hollman,"$538,737 "
Dexter Williams,"$536,514 "
Ty Summers,"$519,476 "
Curtis Bolton,"$497,333 "
Davis Koppenhaver,"$497,333 "
Randy Ramsey,"$497,333 "
Greg Roberts,"$497,333 "
Manny Wilkins,"$497,333 "
Javien Hamilton,"$496,400 "
Kabion Ento,"$495,833 "
Nydair Rouse,"$495,833 "
Larry Williams,"$495,666 "
Evan Baylis,"$495,000 "
Eric Cotton,"$495,000 "
Anthony Coyle,"$495,000 "
Gerhard de,"$495,000 "
Sam Ficken,"$495,000 "
Allen Lazard,"$495,000 "
Tray Matthews,"$495,000 "
Yosh Nijman,"$495,000 "
Teo Redding,"$495,000 "
Brady Sheldon,"$495,000 "
Darrius Shepherd,"$495,000 "
Jace Sternberger,0- 
Rashan Gary,"$2,877,666 "
Darnell Savage,"$2,269,154 "
Elgton Jenkins,"$1,230,389 "
Jace Sternberger,"$745,672 "
Kinsley Keke,"$573,017 "
Ka'dar Hollman,"$538,570 "
Dexter Williams,"$536,356 "
Ty Summers,"$519,383 "
Nick Perry,"$11,100,000 "
Vince Biegel,"$346,870 "
James Looney,"$67,072 "
Kendall Donnerson,"$53,217 "
Kyle Murphy,"$31,535 "
Devante Mays,"$18,759 "
Lenzy Pipkins,"$1,668 "
J.J. Watt,"$15,000,000 "
DeAndre Hopkins,"$14,000,000 "
Bradley Roby,"$9,968,750 "
Aaron Colvin,"$8,656,250 "
Benardrick McKinney,"$7,500,000 "
Matt Kalil,"$7,500,000 "
Tashaun Gipson,"$7,500,000 "
Whitney Mercilus,"$7,300,000 "
Lamar Miller,"$7,203,125 "
Zach Fulton,"$6,906,250 "
Johnathan Joseph,"$4,300,000 "
Senio Kelemete,"$4,000,000 "
Angelo Blackson,"$4,000,000 "
Deshaun Watson,"$3,778,440 "
Johnson Bademosi,"$3,250,000 "
Will Fuller,"$3,234,100 "
Ka'imi Fairbairn,"$3,095,000 "
A.J. McCarron,"$3,000,000 "
Tytus Howard,"$2,222,827 "
Seantrel Henderson,"$2,125,000 "
D.J. Reader,"$2,078,845 "
Brandon Dunn,"$2,025,000 "
Brennan Scarlett,"$2,025,000 "
Greg Mancz,"$1,750,000 "
Nick Martin,"$1,519,310 "
Darren Fells,"$1,500,000 "
Zach Cunningham,"$1,219,566 "
Jahleel Addae,"$1,105,000 "
Taiwan Jones,"$1,020,000 "
Joel Heath,"$998,125 "
Jon Weeks,"$980,000 "
Lonnie Johnson,"$946,300 "
Justin Reid,"$924,893 "
Max Scharping,"$921,470 "
Briean Boddy-Calhoun,"$900,000 "
D'Onta Foreman,"$868,371 "
Martinas Rankin,"$859,317 "
Julie'n Davenport,"$791,605 "
Jordan Akins,"$790,380 "
Keke Coutee,"$752,256 "
Carlos Watkins,"$749,912 "
Joe Webb,"$735,000 "
Tyrell Adams,"$720,000 "
Dylan Cole,"$649,000 "
Jerell Adams,"$645,000 "
Josh Ferguson,"$645,000 "
Chris Landrum,"$645,000 "
Xavier Woodson-Luster,"$645,000 "
Peter Kalambayi,"$599,602 "
Jordan Thomas,"$599,602 "
Vyncint Smith,"$573,333 "
Trevor Daniel,"$570,666 "
Deante Burton,"$570,000 "
Deandre Carter,"$570,000 "
Buddy Howell,"$570,000 "
Roderick Johnson,"$570,000 "
A.J. Moore,"$570,000 "
Maurquice Shakir,"$570,000 "
Isaac Whitney,"$570,000 "
Charles Omenihu,"$568,820 "
Xavier Crawford,"$536,142 "
Cullen Gillaspia,"$520,790 "
Jermaine Kelly,"$520,194 "
Damarea Crockett,"$498,333 "
Johnnie Dixon,"$498,333 "
Chris Johnson,"$498,333 "
Drew Lewis,"$498,333 "
Walter Palmore,"$498,333 "
D.J. Coker,"$497,666 "
Malcolm Pridgeon,"$497,666 "
Jamal Davis,"$497,333 "
Jesse Aniebonam,"$496,666 "
Derrick Baity,"$496,666 "
Karan Higdon,"$496,666 "
Albert Huggins,"$496,666 "
Tyron Johnson,"$496,666 "
Javier Edwards,"$495,500 "
Johnny Dwight,"$495,333 "
Austin Exford,"$495,333 "
Ira Lewis,"$495,166 "
Floyd Allen,"$495,000 "
Davin Bellamy,"$495,000 "
A.J. Hendy,"$495,000 "
Rick Leonard,"$495,000 "
Stephen Louis,"$495,000 "
Steven Mitchell,"$495,000 "
David Steinmetz,"$495,000 "
Jester Weah,"$495,000 "
Kahale Warring,0- 
Duke Ejofor,"$439,314 "
Tytus Howard,"$2,216,240 "
Lonnie Johnson,"$946,300 "
Max Scharping,"$919,844 "
Kahale Warring,"$717,201 "
Charles Omenihu,"$568,819 "
Xavier Crawford,"$536,142 "
Cullen Gillaspia,"$520,789 "
Jeff Allen,"$1,250,000 "
Braxton Miller,"$177,278 "
Tyler Ervin,"$136,892 "
Treston Decoud,"$124,674 "
Kyle Fuller,"$34,608 "
Anthony Coyle,"$10,000 "
Jaryd Jones-Smith,"$8,000 "
Lavon Coleman,"$6,000 "
Andre Chachere,"$5,334 "
Davin Bellamy,"$5,000 "
Terry Swanson,"$4,000 "
Jester Weah,"$4,000 "
Mason Gentry,"$3,334 "
Dexter Wright,"$1,000 "
Kingsley Opara,$334 
Andrew Luck,"$27,525,000 "
T.Y. Hilton,"$15,000,000 "
Justin Houston,"$14,000,000 "
Anthony Castonzo,"$11,050,000 "
Devin Funchess,"$10,000,000 "
Pierre Desir,"$9,000,000 "
Jabaal Sheard,"$8,000,000 "
Eric Ebron,"$7,000,000 "
Quenton Nelson,"$5,429,297 "
Jack Doyle,"$5,337,500 "
Margus Hunt,"$5,068,750 "
Denico Autry,"$4,875,000 "
Adam Vinatieri,"$3,875,000 "
Malik Hooker,"$3,436,338 "
Ryan Kelly,"$3,325,315 "
Mark Glowinski,"$3,306,250 "
Chester Rogers,"$3,095,000 "
Clayton Geathers,"$3,000,000 "
Joe Haeg,"$2,085,604 "
Evan Boehm,"$2,025,000 "
Matthias Farley,"$2,025,000 "
Derrick Kindred,"$2,025,000 "
Jacoby Brissett,"$2,025,000 "
Darius Leonard,"$1,647,228 "
Braden Smith,"$1,634,929 "
Quincy Wilson,"$1,572,621 "
Chris Milton,"$1,500,000 "
Rock Ya-Sin,"$1,439,355 "
Spencer Ware,"$1,239,375 "
Kemoko Turay,"$1,186,000 "
Ben Banogu,"$1,080,819 "
Tyquan Lewis,"$992,285 "
Le'Raven Clark,"$926,433 "
Parris Campbell,"$868,352 "
Nyheim Hines,"$751,136 "
Marlon Mack,"$749,912 "
Grover Stewart,"$749,912 "
J'Marcus Webb,"$735,000 "
Josh Andrews,"$720,000 "
Gabe Holmes,"$720,000 "
Isaiah Johnson,"$720,000 "
Luke Rhodes,"$720,000 "
Jihad Ward,"$720,000 "
Jonathan Williams,"$720,000 "
Nate Hairston,"$711,946 "
Anthony Walker,"$711,353 "
Khari Willis,"$686,776 "
Rigoberto Sanchez,"$649,000 "
Jalen Collins,"$645,000 "
Kenny Moore,"$645,000 "
Al-Quadin Muhammad,"$645,000 "
Dadi Nicolas,"$645,000 "
Carroll Phillips,"$645,000 "
Ross Travis,"$645,000 "
Jordan Wilkins,"$630,310 "
Matthew Adams,"$595,395 "
Zaire Franklin,"$591,764 "
Marvell Tell,"$577,040 "
George Odum,"$574,333 "
Mo Alie-Cox,"$570,000 "
Jarrod Clements,"$570,000 "
Daurice Fountain,"$570,000 "
Marcus Johnson,"$570,000 "
Chad Kelly,"$570,000 "
Skai Moore,"$570,000 "
Zach Pascal,"$570,000 "
William Poehls,"$570,000 "
Nico Siragusa,"$570,000 "
Ahmad Thomas,"$570,000 "
E.J. Speed,"$567,349 "
Deon Cain,"$536,408 "
Gerri Green,"$534,402 "
Jackson Barton,"$514,903 "
Jegs Jegede,"$501,666 "
Ashton Dulin,"$500,000 "
Penny Hart,"$500,000 "
Hale Hentges,"$500,000 "
Billy Brown,"$495,000 "
Jake Eldrenkamp,"$495,000 "
Antonio Garcia,"$495,000 "
Cole Hedlund,"$495,000 "
Krishawn Hogan,"$495,000 "
Steve Ishmael,"$495,000 "
Rolan Milligan,"$495,000 "
Sterling Shippy,"$495,000 "
Shakial Taylor,"$495,000 "
Tre Thomas,"$495,000 "
Jordan Veasy,"$495,000 "
Phillip Walker,"$495,000 "
Bobby Okereke,0- 
Javon Patterson,"$396,644 "
Rock Ya-Sin,"$1,435,756 "
Ben Banogu,"$1,078,584 "
Parris Campbell,"$840,806 "
Bobby Okereke,"$714,938 "
Khari Willis,"$686,276 "
Marvell Tell,"$576,729 "
E.J. Speed,"$567,072 "
Gerri Green,"$534,252 "
Jackson Barton,"$514,828 "
Javon Patterson,"$513,572 "
Tarell Basham,"$417,928 "
T.J. Green,"$307,682 "
Daurice Fountain,"$207,897 "
Hassan Ridgeway,"$140,057 "
Antonio Morrison,"$129,977 "
Skai Moore,"$13,334 "
Henre' Toliver,"$10,000 "
Tomasi Laulile,"$8,000 "
Chris Cooper,"$6,667 "
Steve Ishmael,"$6,667 "
Lashard Durr,"$5,334 "
Johnny Robinson,"$5,000 "
Jordan Thompson,"$5,000 "
Darrell Daniels,"$3,334 "
William Ossai,"$3,334 "
Michael Badgley,"$2,667 "
Robert Jackson,"$1,667 "
Deyshawn Bond,"$1,000 "
Andrew Norwell,"$16,000,000 "
A.J. Bouye,"$15,406,250 "
Calais Campbell,"$14,500,000 "
Nick Foles,"$12,000,000 "
Marqise Lee,"$9,000,000 "
Jalen Ramsey,"$7,429,865 "
D.J. Hayden,"$7,416,666 "
Leonard Fournette,"$7,404,774 "
Brandon Linder,"$5,781,250 "
Marcell Dareus,"$5,585,000 "
Josh Allen,"$4,135,025 "
Abry Jones,"$4,000,000 "
Lerentee McCray,"$2,875,000 "
Cody Davis,"$2,625,000 "
A.J. Cann,"$2,422,708 "
Taven Bryan,"$2,307,945 "
Yannick Ngakoue,"$2,239,044 "
Jarrod Wilson,"$2,083,333 "
Geoff Swaim,"$2,081,250 "
Josh Lambo,"$2,078,125 "
Chris Conley,"$2,066,666 "
Myles Jack,"$2,015,505 "
Cam Robinson,"$1,914,044 "
Jawaan Taylor,"$1,422,527 "
Jake Ryan,"$1,250,000 "
James O'Shaughnessy,"$1,080,000 "
Dawuane Smoot,"$1,053,540 "
DJ Chark,"$1,010,734 "
Tyler Shatley,"$1,005,000 "
Ronnie Harrison,"$818,258 "
Dede Westbrook,"$814,039 "
Josh Oliver,"$772,881 "
Alfred Blue,"$735,000 "
Benny Cunningham,"$735,000 "
Cedric Ogbuehi,"$735,000 "
Josh Wells,"$735,000 "
Will Richardson,"$720,698 "
Ben Koyack,"$720,000 "
Leonard Wester,"$720,000 "
Matt Overton,"$670,000 "
Thomas Rawls,"$665,000 "
Keelan Cole,"$646,334 "
Terrelle Pryor,"$645,000 "
D.J. Alexander,"$645,000 "
Najee Goode,"$645,000 "
Ramik Wilson,"$645,000 "
Eli Ankou,"$645,000 "
James Onwualu,"$645,000 "
Alex McGough,"$607,500 "
Leon Jacobs,"$592,670 "
Logan Cooke,"$587,905 "
Ryquell Armstead,"$581,439 "
Tre Herndon,"$571,666 "
Breon Borders,"$570,000 "
Nick Deluca,"$570,000 "
Quenton Meeks,"$570,000 "
C.J. Reavis,"$570,000 "
Brandon Thomas,"$570,000 "
Gardner Minshew,"$542,721 "
Dontavius Russell,"$515,796 "
K.C. McDermott,"$515,000 "
Michael Hughes,"$496,666 "
Jordan Agasiva,"$495,000 "
C.J. Board,"$495,000 "
Tyre Brady,"$495,000 "
Michael Colubiale,"$495,000 "
Joe Giles-Harris,"$495,000 "
Donnell Greene,"$495,000 "
Tae Hayes,"$495,000 "
Charles Jones,"$495,000 "
Jocquez Kalili,"$495,000 "
Christian Kuntz,"$495,000 "
Tanner Lee,"$495,000 "
Raphael Leonard,"$495,000 "
Taj McGowan,"$495,000 "
Pharoah McKever,"$495,000 "
Joshua Moon,"$495,000 "
Picasso Nelson,"$495,000 "
Saivion Smith,"$495,000 "
Dredrick Snelson,"$495,000 "
Bunchy Stallings,"$495,000 "
Marquez Stanford,"$495,000 "
Connor Strachan,"$495,000 "
Michael Walker,"$495,000 "
Brandon Watson,"$495,000 "
Andrew Williams,"$495,000 "
Andrew Wingard,"$495,000 "
Zedrick Woods,"$495,000 "
Datone Jones,0- 
Quincy Williams,0- 
Cody Brown,"$378,000 "
Telvin Smith,"$12,560,235 "
Josh Allen,"$4,121,150 "
Jawaan Taylor,"$1,422,527 "
Josh Oliver,"$771,821 "
Quincy Williams,"$685,379 "
Ryquell Armstead,"$581,439 "
Gardner Minshew,"$542,722 "
Dontavius Russell,"$515,796 "
Blake Bortles,"$15,500,000 "
Malik Jackson,"$4,000,000 "
Austin Seferian-Jenkins,"$1,605,000 "
Tashaun Gipson,"$1,600,000 "
Niles Paul,"$250,000 "
Don Carey,"$175,000 "
Blair Brown,"$147,359 "
Tanner Lee,"$106,157 "
Jalen Myrick,"$46,832 "
Dee Delaney,"$6,667 "
Darius Jackson,"$6,667 "
Lyndon Johnson,"$6,667 "
K.C. McDermott,"$6,667 "
Allen Lazard,"$5,000 "
Tony Adams,"$3,334 "
Quenton Meeks,"$3,334 "
C.J. Reavis,"$3,334 "
Andrew Motuapuaka,"$2,000 "
Reggie Hunter,"$1,667 "
Dorren Miller,$667 
Sammy Watkins,"$19,200,000 "
Eric Fisher,"$13,650,000 "
Travis Kelce,"$10,718,400 "
Anthony Hitchens,"$9,500,000 "
Laurent Duvernay-Tardif,"$8,253,000 "
Mitchell Schwartz,"$8,000,000 "
Frank Clark,"$6,500,000 "
Tyrann Mathieu,"$5,933,333 "
Daniel Sorensen,"$4,693,750 "
Patrick Mahomes,"$4,479,776 "
Chad Henne,"$4,100,000 "
Xavier Williams,"$3,682,000 "
Cameron Erving,"$3,166,041 "
Dustin Colquitt,"$3,150,000 "
Alex Okafor,"$3,000,000 "
Carlos Hyde,"$2,737,500 "
Demarcus Robinson,"$2,154,293 "
Tyreek Hill,"$2,042,500 "
Kendall Fuller,"$2,025,000 "
Jordan Lucas,"$2,025,000 "
Bashaud Breeland,"$2,000,000 "
Chris Jones,"$1,982,665 "
Damien Wilson,"$1,875,000 "
Darron Lee,"$1,843,861 "
Damien Williams,"$1,733,333 "
Austin Reiter,"$1,427,083 "
Breeland Speaks,"$1,386,480 "
Emmanuel Ogbah,"$1,351,315 "
Reggie Ragland,"$1,246,551 "
Tanoh Kpassagnon,"$1,178,514 "
James Winchester,"$930,000 "
Mecole Hardman,"$908,191 "
Derrick Nnadi,"$891,350 "
Juan Thornhill,"$839,139 "
Keith Reaser,"$820,000 "
Dorian O'Daniel,"$797,879 "
Armani Watts,"$737,558 "
Anthony Sherman,"$735,000 "
Jeremiah Attaochu,"$735,000 "
Blake Bell,"$735,000 "
Khalen Saunders,"$723,795 "
Harrison Butker,"$645,000 "
Justin Hamilton,"$645,000 "
Harold Jones-Quartey,"$645,000 "
Tremon Smith,"$617,951 "
Kahlil McKenzie,"$617,236 "
Darrel Williams,"$575,000 "
Ben Niemann,"$572,000 "
Gehrig Dieter,"$570,000 "
Zack Golditch,"$570,000 "
Davon Grayson,"$570,000 "
Marcus Kemp,"$570,000 "
Pace Murphy,"$570,000 "
Jimmy Murray,"$570,000 "
Charvarius Ward,"$570,000 "
Andrew Wylie,"$570,000 "
Deon Yelder,"$570,000 "
Rashad Fenton,"$533,205 "
Darwin Thompson,"$526,960 "
Nick Allegretti,"$522,988 "
Byron Pringle,"$500,000 "
Jack Fox,"$498,333 "
Darius Harris,"$498,333 "
Kyle Shurmur,"$497,500 "
Cody Thompson,"$497,500 "
Dino Boyd,"$495,000 "
Jalin Burrell,"$495,000 "
Jamal Custis,"$495,000 "
Rashard Davis,"$495,000 "
Felton Davis,"$495,000 "
Raymond Davison,"$495,000 "
Mark Fields,"$495,000 "
Joe Fortson,"$495,000 "
Ryan Hunter,"$495,000 "
Joey Ivie,"$495,000 "
Gary Johnson,"$495,000 "
Nick Keizer,"$495,000 "
Chase Litton,"$495,000 "
John Lovett,"$495,000 "
Marcus Marshall,"$495,000 "
Robert McCray,"$495,000 "
Herb Miller,"$495,000 "
Dakari Monroe,"$495,000 "
Justin Senior,"$495,000 "
Andrew Soroh,"$495,000 "
D’Montre Wade,"$495,000 "
Cavon Walker,"$495,000 "
David Wells,"$495,000 "
James Williams,"$495,000 "
Chidi Okeke,0- 
Tim Ward,"$495,833 "
Mecole Hardman,"$906,615 "
Juan Thornhill,"$837,827 "
Khalen Saunders,"$722,923 "
Rashad Fenton,"$533,059 "
Darwin Thompson,"$526,838 "
Nick Allegretti,"$522,881 "
Justin Houston,"$7,100,000 "
Eric Berry,"$6,950,000 "
Kareem Hunt,"$387,976 "
Jehu Chesson,"$209,824 "
Parker Ehinger,"$150,729 "
Eric Murray,"$149,953 "
Ukeme Eligwe,"$100,968 "
J.D. Moore,"$3,334 "
Jordan Sterns,"$3,334 "
Philip Rivers,"$23,000,000 "
Melvin Ingram,"$19,625,000 "
Russell Okung,"$15,968,750 "
Keenan Allen,"$12,150,000 "
Casey Hayward,"$10,000,000 "
Mike Pouncey,"$8,750,000 "
Joey Bosa,"$8,232,538 "
Melvin Gordon,"$5,605,000 "
Mike Williams,"$5,386,344 "
Michael Schofield,"$4,500,000 "
Brandon Mebane,"$4,300,000 "
Travis Benjamin,"$3,750,000 "
Tyrod Taylor,"$3,500,000 "
Denzel Perryman,"$3,475,000 "
Virgil Green,"$3,300,000 "
Thomas Davis,"$3,250,000 "
Derwin James,"$2,815,671 "
Jatavis Brown,"$2,071,097 "
Hunter Henry,"$2,030,100 "
Trevor Williams,"$2,025,000 "
Adrian Phillips,"$2,000,000 "
Nick Dzubnar,"$1,922,500 "
Forrest Lamp,"$1,818,251 "
Uchenna Nwosu,"$1,308,994 "
Mike Windt,"$1,085,000 "
Dan Feeney,"$1,024,158 "
Justin Jones,"$835,016 "
Rayshawn Jenkins,"$810,552 "
T.Y. McGill,"$805,000 "
Derek Watt,"$752,422 "
Geremy Davis,"$735,000 "
Kyzir White,"$733,610 "
Anthony Lanier,"$720,000 "
Desmond King,"$714,998 "
Jaylen Watkins,"$705,000 "
Sam Tevi,"$685,447 "
Drue Tranquill,"$659,702 "
Sean Culkin,"$649,000 "
Austin Ekeler,"$646,668 "
Michael Davis,"$645,000 "
Spencer Drango,"$645,000 "
Cardale Jones,"$645,000 "
Vince Mayle,"$645,000 "
Troymaine Pope,"$645,000 "
Isaac Rochell,"$645,000 "
Cole Toner,"$645,000 "
Scott Quessenberry,"$641,063 "
Brandon Facyson,"$573,333 "
Michael Badgley,"$570,000 "
Dylan Cantrell,"$570,000 "
Justin Jackson,"$570,000 "
Tre'Von Johnson,"$570,000 "
Detrez Newsome,"$570,000 "
Jeff Richards,"$570,000 "
Trenton Scott,"$570,000 "
Kyle Wilson,"$570,000 "
Easton Stick,"$564,391 "
Emeke Egbule,"$534,091 "
Cortez Broughton,"$514,505 "
Patrick Afriyie,"$495,000 "
Chris Brown,"$495,000 "
Blake Camper,"$495,000 "
Josh Corcoran,"$495,000 "
Jeremy Cox,"$495,000 "
Kemon Hall,"$495,000 "
Daniel Helm,"$495,000 "
Reggie Howard,"$495,000 "
Bradford Lemmons,"$495,000 "
Justice Liggins,"$495,000 "
Ty Long,"$495,000 "
Koda Martin,"$495,000 "
Cole Mazza,"$495,000 "
Jason Moore,"$495,000 "
Tyler Newsome,"$495,000 "
Andre Patton,"$495,000 "
Chris Peace,"$495,000 "
Adarius Pickett,"$495,000 "
Rodney Randle,"$495,000 "
Artavis Scott,"$495,000 "
Matt Sokol,"$495,000 "
Arrion Springs,"$495,000 "
Roderic Teamer,"$495,000 "
Fred Trevillion,"$495,000 "
Andrew Vollert,"$495,000 "
Tanner Volson,"$495,000 "
Elijah Zeise,"$495,000 "
Nasir Adderley,0- 
Trey Pipkins,0- 
Damion Square,0- 
Jerry Tillery,0- 
Trevion Thompson,"$378,000 "
Jerry Tillery,"$2,070,726 "
Nasir Adderley,"$858,992 "
Trey Pipkins,"$713,433 "
Drue Tranquill,"$659,075 "
Easton Stick,"$564,390 "
Emeke Egbule,"$534,090 "
Cortez Broughton,"$514,504 "
Corey Liuget,"$1,500,000 "
Jahleel Addae,"$1,000,000 "
Joe Barksdale,"$1,000,000 "
Caleb Sturgis,"$500,000 "
Dylan Cantrell,"$117,633 "
Justin Jackson,"$51,803 "
Drew Kaser,"$38,458 "
Donavan Clark,"$21,524 "
Zachary Crabtree,"$10,000 "
Eurndraus Bryant,"$8,500 "
J.J. Jones,"$1,667 "
Aaron Donald,"$17,108,000 "
Andrew Whitworth,"$16,659,168 "
Brandin Cooks,"$15,259,000 "
Dante Fowler,"$12,000,000 "
Michael Brockers,"$10,750,000 "
Todd Gurley,"$9,200,000 "
Marcus Peters,"$9,069,000 "
Jared Goff,"$8,889,260 "
Rob Havenstein,"$8,300,000 "
Aqib Talib,"$8,000,000 "
Robert Woods,"$7,177,504 "
Nickell Robey-Coleman,"$6,050,000 "
Eric Weddle,"$5,751,525 "
Johnny Hekker,"$3,987,000 "
Clay Matthews,"$3,500,000 "
Cory Littleton,"$3,095,000 "
Greg Zuerlein,"$2,575,000 "
Tyler Higbee,"$2,170,215 "
Malcolm Brown,"$2,125,000 "
Austin Blythe,"$2,025,000 "
Gerald Everett,"$1,648,491 "
Jake McQuaide,"$1,250,000 "
Cooper Kupp,"$1,049,690 "
Blake Bortles,"$1,000,000 "
John Johnson,"$866,438 "
Joseph Noteboom,"$831,349 "
Josh Reynolds,"$807,005 "
Samson Ebukam,"$798,270 "
Mike Thomas,"$749,019 "
Brian Allen,"$741,734 "
Marqui Christian,"$720,000 "
Tanzel Smart,"$686,195 "
John Franklin-Myers,"$683,089 "
Justin Davis,"$650,000 "
Bryce Hager,"$645,000 "
Brandon Allen,"$645,000 "
Donte Deayon,"$645,000 "
Morgan Fox,"$645,000 "
Dominique Hatfield,"$645,000 "
Jojo Natson,"$645,000 "
Micah Kiser,"$644,494 "
Ogbonnia Okoronkwo,"$638,634 "
John Kelly,"$617,072 "
Sebastian Joseph,"$608,809 "
Justin Lawler,"$588,435 "
Josh Carraway,"$570,000 "
Jamil Demby,"$570,000 "
Khadarel Hodge,"$570,000 "
Johnny Mundt,"$570,000 "
Aaron Neary,"$570,000 "
Kevin Peterson,"$570,000 "
Darious Williams,"$570,000 "
Trevon Young,"$570,000 "
Johnathan Lloyd,"$495,666 "
Alex Bachman,"$495,000 "
Kendall Blanton,"$495,000 "
Chandler Brewer,"$495,000 "
Romello Brooker,"$495,000 "
Keenen Brown,"$495,000 "
Matthew Colburn,"$495,000 "
Marquise Copeland,"$495,000 "
Landis Durham,"$495,000 "
Jake Gervase,"$495,000 "
Jalen Greene,"$495,000 "
Brandon Hitner,"$495,000 "
Travin Howard,"$495,000 "
Vitas Hrynkiewicz,"$495,000 "
Bryant Jones,"$495,000 "
Matt Kaskey,"$495,000 "
Jeremiah Kolone,"$495,000 "
Ketner Kupp,"$495,000 "
Steven Parker,"$495,000 "
Natrez Patrick,"$495,000 "
Austin Proehl,"$495,000 "
Troy Reeder,"$495,000 "
Ramon Richards,"$495,000 "
Boogie Roberts,"$495,000 "
Tyrell Thompson,"$495,000 "
Nsimba Webster,"$495,000 "
John Wolford,"$495,000 "
Dakota Allen,0- 
David Edwards,0- 
Bobby Evans,0- 
Greg Gaines,0- 
Darrell Henderson,0- 
Troy Hill,0- 
David Long,0- 
Taylor Rapp,0- 
Nick Scott,0- 
Taylor Rapp,"$848,409 "
Darrell Henderson,"$766,624 "
David Long,"$737,338 "
Bobby Evans,"$685,379 "
Greg Gaines,"$651,056 "
David Edwards,"$560,878 "
Nick Scott,"$514,258 "
Dakota Allen,"$513,572 "
Mark Barron,"$3,333,334 "
John Sullivan,"$1,000,000 "
Pharoh Cooper,"$138,666 "
Jamil Demby,"$117,466 "
Trevon Young,"$102,711 "
Travin Howard,"$68,002 "
Temarrick Hemingway,"$39,896 "
Codey McElroy,"$13,334 "
Afolabi Laguda,"$3,334 "
Steven Parker,"$3,334 "
Chucky Williams,"$3,334 "
Reshad Jones,"$17,160,000 "
Xavien Howard,"$10,349,830 "
Kenny Stills,"$9,750,000 "
Albert Wilson,"$8,333,333 "
Kiko Alonso,"$8,272,500 "
Bobby McCain,"$6,340,000 "
T.J. McDonald,"$6,002,000 "
Ryan Fitzpatrick,"$5,500,000 "
DeVante Parker,"$4,843,750 "
Laremy Tunsil,"$3,963,798 "
Minkah Fitzpatrick,"$3,738,130 "
Akeem Spence,"$3,250,000 "
Dwayne Allen,"$3,250,000 "
Charles Harris,"$2,957,383 "
Christian Wilkins,"$2,807,109 "
Eric Rowe,"$2,775,000 "
Daniel Kilgore,"$2,400,000 "
Kenyan Drake,"$2,230,315 "
Chris Reed,"$1,700,000 "
Mike Gesicki,"$1,502,710 "
Walt Aikens,"$1,400,000 "
Raekwon McMillan,"$1,281,147 "
Josh Rosen,"$1,279,898 "
Nick O'Leary,"$1,100,000 "
Jerome Baker,"$897,800 "
Cordrea Tankersley,"$849,572 "
Brice Butler,"$805,000 "
Jayrone Elliott,"$795,000 "
Jakeem Grant,"$755,096 "
John Denney,"$735,000 "
Mike Hull,"$735,000 "
Durham Smythe,"$728,058 "
Cornellius Carradine,"$720,000 "
Clive Walford,"$720,000 "
Adolphus Washington,"$720,000 "
Kalen Ballage,"$717,295 "
Davon Godchaux,"$695,484 "
Vincent Taylor,"$683,603 "
Tyrone Holmes,"$652,500 "
Chase Allen,"$648,334 "
Torry McTyer,"$647,500 "
Matt Haack,"$646,334 "
Nate Orchard,"$645,000 "
Jesse Davis,"$645,000 "
Kyle Fuller,"$645,000 "
Joey Mbu,"$645,000 "
Jake Rudock,"$645,000 "
Maurice Smith,"$645,000 "
Zach Sterup,"$645,000 "
Jonathan Woodard,"$645,000 "
Cornell Armstrong,"$599,602 "
Jason Sanders,"$592,800 "
Andrew Van,"$572,695 "
Jalen Davis,"$570,000 "
Kenneth Farrow,"$570,000 "
Isaiah Ford,"$570,000 "
Jamiyus Pittman,"$570,000 "
Isaiah Prince,"$532,436 "
Chandler Cox,"$517,641 "
Myles Gaskin,"$516,694 "
Tony Adams,"$495,000 "
Ryan Anderson,"$495,000 "
Deion Calhoun,"$495,000 "
Michael Dunn,"$495,000 "
Sam Eguavoen,"$495,000 "
Wes Farnsworth,"$495,000 "
Terrill Hanks,"$495,000 "
Montre Hartage,"$495,000 "
Dewayne Hendrix,"$495,000 "
Reece Horn,"$495,000 "
Trenton Irwin,"$495,000 "
Jaryd Jones-Smith,"$495,000 "
Patrick Laird,"$495,000 "
Chris Lammons,"$495,000 "
Jonathan Ledbetter,"$495,000 "
Aaron Monteiro,"$495,000 "
Chris Myarick,"$495,000 "
Nik Needham,"$495,000 "
Durval Neto,"$495,000 "
Kendrick Norton,"$495,000 "
Quentin Poling,"$495,000 "
Jamar Summers,"$495,000 "
Cory Thomas,"$495,000 "
Mark Walton,"$495,000 "
Tre’ Watson,"$495,000 "
Preston Williams,"$495,000 "
Stone Wilson,"$495,000 "
Jomal Wiltz,"$495,000 "
Michael Deiter,0- 
Jordan Mills,0- 
Isaac Asiata,"$645,000 "
Ricardo Louis,"$408,000 "
Connor Hilland,"$378,000 "
Rob Rolle,"$378,000 "
Christian Wilkins,"$2,798,296 "
Michael Deiter,"$740,373 "
Andrew Van,"$572,694 "
Isaiah Prince,"$532,435 "
Chandler Cox,"$517,641 "
Myles Gaskin,"$516,694 "
Ryan Tannehill,"$18,423,332 "
Ndamukong Suh,"$13,100,000 "
Andre Branch,"$2,000,000 "
Josh Sitton,"$2,000,000 "
Robert Quinn,"$1,121,211 "
Ted Larsen,"$416,668 "
Leonte Carroo,"$175,097 "
Isaac Asiata,"$130,396 "
Quentin Poling,"$70,260 "
Isaiah Ford,"$39,150 "
Jalen Davis,"$13,334 "
Mike McCray,"$6,667 "
Eric Smith,"$3,334 "
Maurice Smith,"$2,834 "
Kirk Cousins,"$29,000,000 "
Danielle Hunter,"$13,500,000 "
Xavier Rhodes,"$13,337,500 "
Stefon Diggs,"$12,468,750 "
Riley Reiff,"$11,700,000 "
Harrison Smith,"$10,750,000 "
Linval Joseph,"$10,668,750 "
Trae Waynes,"$9,069,000 "
Adam Thielen,"$8,105,000 "
Everson Griffen,"$7,931,250 "
Kyle Rudolph,"$7,625,000 "
Anthony Barr,"$5,600,000 "
Eric Kendricks,"$4,848,750 "
Laquon Treadwell,"$3,161,132 "
Anthony Harris,"$3,095,000 "
Josh Kline,"$3,083,333 "
Garrett Bradbury,"$2,342,340 "
Shamar Stephen,"$2,333,333 "
Mike Hughes,"$2,242,610 "
Rashod Hill,"$2,025,000 "
Dalvin Cook,"$1,732,727 "
Mackensie Alexander,"$1,373,370 "
Irv Smith,"$1,054,260 "
Pat Elflein,"$1,043,710 "
Brian O'Neill,"$1,001,509 "
Dan Bailey,"$1,000,000 "
Kevin McDermott,"$960,000 "
Jaleel Johnson,"$814,588 "
Brett Jones,"$810,000 "
Ben Gedeon,"$803,286 "
Kentrell Brothers,"$778,170 "
David Morgan,"$753,864 "
Jalyn Holmes,"$752,849 "
Jayron Kearse,"$736,056 "
Dakota Dozier,"$735,000 "
Sean Mannion,"$735,000 "
Ameer Abdullah,"$735,000 "
Derron Smith,"$725,000 "
Jordan Taylor,"$720,000 "
Stephen Weatherly,"$720,000 "
Alexander Mattison,"$700,543 "
Danny Isidora,"$695,484 "
Dru Samia,"$679,279 "
Tashawn Bower,"$650,000 "
Aviante Collins,"$650,000 "
Eric Wilson,"$648,334 "
C.J. Ham,"$645,000 "
Kyle Sloter,"$645,000 "
Matt Wile,"$645,000 "
Tyler Conklin,"$640,257 "
Devante Downs,"$593,600 "
Mike Boone,"$572,500 "
Chad Beebe,"$570,000 "
Cornelius Edison,"$570,000 "
Cole Hikutini,"$570,000 "
Craig James,"$570,000 "
Ifeadi Odenigbo,"$570,000 "
Roc Thomas,"$570,000 "
Brandon Zylstra,"$570,000 "
Cameron Smith,"$568,506 "
Armon Watts,"$537,113 "
Marcus Epps,"$537,029 "
Oli Udoh,"$536,741 "
Jeff Badet,"$532,500 "
Ade Aruna,"$524,602 "
Kris Boyd,"$522,314 "
Dillon Mitchell,"$515,003 "
Olabisi Johnson,"$513,572 "
Jake Browning,"$500,000 "
Anree Saint-Amour,"$500,000 "
Karter Schult,"$500,000 "
Duke Thomas,"$500,000 "
Micah Abernathy,"$498,333 "
Khari Blasingame,"$498,333 "
Davion Davis,"$498,333 "
Brandon Dillon,"$498,333 "
Nate Meadors,"$498,333 "
Hercules Mata'afa,"$496,333 "
John Keenoy,"$495,833 "
Tito Odenigbo,"$495,833 "
Terrance Alexander,"$495,000 "
Reshard Cliett,"$495,000 "
Curtis Cothran,"$495,000 "
Alexander Hollins,"$495,000 "
Stacy Keely,"$495,000 "
Greer Martini,"$495,000 "
Storm Norton,"$495,000 "
Isaiah Wharton,"$495,000 "
Holton Hill,"$439,705 "
Austin Cutting,0- 
Garrett Bradbury,"$2,335,298 "
Irv Smith,"$1,052,129 "
Alexander Mattison,"$685,379 "
Dru Samia,"$679,280 "
Cameron Smith,"$568,506 "
Armon Watts,"$537,113 "
Marcus Epps,"$537,029 "
Oli Udoh,"$536,741 "
Kris Boyd,"$522,314 "
Dillon Mitchell,"$515,003 "
Olabisi Johnson,"$513,572 "
Austin Cutting,"$513,572 "
Mike Remmers,"$1,800,000 "
Daniel Carlson,"$186,010 "
Colby Gossett,"$88,806 "
Antwione Williams,"$62,500 "
Stacy Coley,"$48,340 "
Korey Robertson,"$10,000 "
Jeff Badet,"$8,000 "
Garret Dooley,"$7,334 "
Curtis Cothran,"$6,667 "
Roc Thomas,"$6,667 "
Tyler Hoppes,"$4,000 "
Peter Pujals,"$3,334 "
Chris Gonzalez,"$1,667 "
Tom Brady,"$27,000,000 "
Devin McCourty,"$13,435,000 "
Dont'a Hightower,"$10,945,305 "
Stephon Gilmore,"$9,170,833 "
Marcus Cannon,"$7,456,250 "
Shaq Mason,"$7,275,000 "
Michael Bennett,"$6,500,000 "
Kyle Van,"$6,291,668 "
Julian Edelman,"$6,077,615 "
Duron Harmon,"$4,750,000 "
James White,"$4,625,000 "
Patrick Chung,"$4,483,333 "
Lawrence Guy,"$4,466,666 "
Jason McCourty,"$4,250,000 "
David Andrews,"$3,500,000 "
Jonathan Jones,"$3,095,000 "
Stephen Gostkowski,"$3,050,000 "
Brian Hoyer,"$3,000,000 "
Rex Burkhead,"$3,000,000 "
Benjamin Watson,"$3,000,000 "
Jamie Collins,"$3,000,000 "
Demaryius Thomas,"$2,906,000 "
Matthew Slater,"$2,900,000 "
Nate Ebner,"$2,787,500 "
Isaiah Wynn,"$2,600,433 "
Phillip Dorsett,"$2,600,000 "
Joe Thuney,"$2,218,357 "
Sony Michel,"$2,187,885 "
Mike Pennel,"$2,150,000 "
Elandon Roberts,"$2,050,089 "
N'Keal Harry,"$1,836,063 "
Brandon Bolden,"$1,700,000 "
John Simon,"$1,640,625 "
James Develin,"$1,600,000 "
Ryan Allen,"$1,500,000 "
Terrence Brooks,"$1,450,000 "
Dontrelle Inman,"$1,368,750 "
Brandon King,"$1,359,375 "
Matt LaCosse,"$1,225,000 "
Joejuan Williams,"$1,202,141 "
Duke Dawson,"$1,078,380 "
Danny Shelton,"$1,001,875 "
Maurice Harris,"$962,500 "
Joe Cardona,"$955,000 "
Derek Rivers,"$880,724 "
Deatrich Wise,"$790,140 "
Chase Winovich,"$744,328 "
David Parry,"$743,750 "
Shilique Calhoun,"$720,000 "
James Ferentz,"$720,000 "
Ted Karras,"$720,000 "
Yodny Cajuste,"$700,545 "
Obi Melifonwu,"$693,436 "
Brian Schwenke,"$686,250 "
Hjalte Froholdt,"$675,153 "
Jarrett Stidham,"$653,423 "
Adam Butler,"$646,668 "
Ja'whaun Bentley,"$645,988 "
Stephen Anderson,"$645,000 "
Cole Croston,"$645,000 "
Ufomba Kamalu,"$645,000 "
Keion Crossen,"$588,598 "
J.C. Jackson,"$573,333 "
Keionta Davis,"$570,000 "
Calvin Munson,"$570,000 "
Byron Cowart,"$569,861 "
Jake Bailey,"$567,245 "
Christian Sam,"$540,373 "
Braxton Berrios,"$524,602 "
Ken Webster,"$513,572 "
Ryan Izzo,"$512,267 "
A.J. Howard,"$505,000 "
Dan Skipper,"$505,000 "
Andrew Beck,"$500,000 "
Cedrick Lang,"$500,000 "
Ryan Davis,"$498,333 "
Malik Gant,"$498,333 "
Tyler Gauthier,"$498,333 "
Terez Hall,"$498,333 "
Jakobi Meyers,"$498,333 "
Nick Brossette,"$497,500 "
Tyree St.,"$497,500 "
D'Angelo Ross,"$495,833 "
Danny Etling,"$495,000 "
Trent Harris,"$495,000 "
Jakob Johnson,"$495,000 "
Gunner Olszewski,"$495,000 "
Damoun Patterson,"$495,000 "
Nick Thurman,"$495,000 "
Damien Harris,0- 
Josh Gordon,"$2,025,000 "
N'Keal Harry,"$1,830,950 "
Joejuan Williams,"$1,202,141 "
Chase Winovich,"$743,626 "
Damien Harris,"$715,691 "
Yodny Cajuste,"$685,379 "
Hjalte Froholdt,"$675,152 "
Jarrett Stidham,"$653,422 "
Byron Cowart,"$569,861 "
Jake Bailey,"$567,244 "
Ken Webster,"$513,572 "
Adrian Clayborn,"$2,000,000 "
Rob Gronkowski,"$2,000,000 "
Jared Veldheer,"$750,000 "
Cyrus Jones,"$278,491 "
Vincent Valentine,"$161,355 "
Malcolm Mitchell,"$144,498 "
Danny Etling,"$78,021 "
Austin Seferian-Jenkins,"$50,000 "
Calvin Anderson,"$30,000 "
Bruce Ellington,"$25,000 "
Ralph Webb,"$13,334 "
Harvey Langi,"$5,000 "
Darren Andrews,"$3,334 "
Jacob Hollister,"$3,334 "
Cole Croston,"$2,000 "
Drew Brees,"$22,700,000 "
Terron Armstead,"$15,812,500 "
Cameron Jordan,"$14,047,000 "
Larry Warford,"$10,600,000 "
Andrus Peat,"$9,625,000 "
Demario Davis,"$8,500,000 "
A.J. Klein,"$6,000,000 "
Patrick Robinson,"$5,350,000 "
Thomas Morstead,"$4,250,000 "
Marshon Lattimore,"$4,188,971 "
Cameron Meredith,"$4,150,000 "
Sheldon Rankins,"$4,073,253 "
Jared Cook,"$4,000,000 "
Ted Ginn,"$3,500,000 "
Teddy Bridgewater,"$3,250,000 "
Marcus Davenport,"$3,123,158 "
Eli Apple,"$2,516,225 "
Nick Easton,"$2,500,000 "
Malcom Brown,"$2,500,000 "
Ryan Ramczyk,"$2,424,969 "
P.J. Williams,"$2,250,000 "
David Onyemata,"$2,160,586 "
Ken Crawley,"$2,025,000 "
Josh Hill,"$1,900,000 "
Will Lutz,"$1,900,000 "
Latavius Murray,"$1,850,000 "
Marcus Williams,"$1,701,938 "
Craig Robertson,"$1,700,000 "
Michael Thomas,"$1,628,763 "
Chris Banjo,"$1,500,000 "
Mario Edwards,"$1,460,000 "
Vonn Bell,"$1,263,914 "
Zach Line,"$1,200,000 "
Erik McCoy,"$1,105,045 "
Alvin Kamara,"$1,050,693 "
Alex Anzalone,"$933,148 "
Trey Hendrickson,"$844,572 "
Tre'quan Smith,"$820,756 "
Marcus Sherels,"$735,000 "
Dwayne Washington,"$720,000 "
Chauncey Gardner-Johnson,"$691,025 "
Javorius Allen,"$690,000 "
Michael Ola,"$645,000 "
Vince Biegel,"$645,000 "
Austin Carr,"$645,000 "
Matt Dayes,"$645,000 "
Justin Hardee,"$645,000 "
Taysom Hill,"$645,000 "
Cameron Tom,"$645,000 "
Zach Wood,"$645,000 "
Will Clapp,"$588,285 "
Taylor Stallworth,"$573,333 "
Dan Arnold,"$570,000 "
Simmie Cobbs,"$570,000 "
J.T. Gray,"$570,000 "
Garrett Griffin,"$570,000 "
Keith Kirkwood,"$570,000 "
Darnell Sankey,"$570,000 "
Saquan Hampton,"$543,802 "
Alize Mack,"$518,409 "
Kaden Elliss,"$514,079 "
Carl Granderson,"$500,000 "
Deonte Harris,"$498,333 "
Ethan Greenidge,"$497,500 "
Corbin Kaufusi,"$496,000 "
Emmanuel Butler,"$495,500 "
J.T. Barrett,"$495,000 "
Ken Bigelow,"$495,000 "
Chris Campbell,"$495,000 "
Travin Dural,"$495,000 "
Cyril Grayson,"$495,000 "
Porter Gustin,"$495,000 "
Chase Hansen,"$495,000 "
Marcus Henry,"$495,000 "
Lil’jordan Humphrey,"$495,000 "
Derrick Kelly,"$495,000 "
Nick Moore,"$495,000 "
Devine Ozigbo,"$495,000 "
David Simmons,"$495,000 "
Shy Tuttle,"$495,000 "
Terrell Williams,"$495,000 "
Nate Wozniak,"$495,000 "
Michael Burton,0- 
Geno Grissom,0- 
Ryan Groy,0- 
Wes Horton,0- 
Ulrick John,0- 
Colton Jumper,0- 
Marshall Newhouse,0- 
Sylvester Williams,0- 
Erik McCoy,"$1,105,043 "
Chauncey Gardner-Johnson,"$691,025 "
Saquan Hampton,"$543,801 "
Alize Mack,"$518,408 "
Kaden Elliss,"$514,079 "
Coby Fleener,"$3,200,000 "
Kurt Coleman,"$3,000,000 "
Teddy Bridgewater,"$2,710,000 "
Max Unger,"$1,750,000 "
Alex Okafor,"$950,000 "
Rick Leonard,"$460,071 "
Natrell Jamerson,"$199,215 "
Kamrin Moore,"$118,862 "
Boston Scott,"$109,485 "
Al-Quadin Muhammad,"$75,232 "
Keith Kirkwood,"$11,334 "
Deon Yelder,"$10,000 "
J.T. Gray,"$3,334 "
Mike Herndon,"$1,000 "
Devaroe Lawrence,$500 
Eli Manning,"$23,200,000 "
Nate Solder,"$17,000,000 "
Janoris Jenkins,"$14,750,000 "
Alec Ogletree,"$11,750,000 "
Golden Tate,"$7,500,000 "
Saquon Barkley,"$7,089,716 "
Kareem Martin,"$5,941,666 "
Rhett Ellison,"$5,750,000 "
Kevin Zeitler,"$5,000,000 "
Antoine Bethea,"$3,625,000 "
Sterling Shepard,"$3,391,455 "
Markus Golden,"$3,281,250 "
Evan Engram,"$2,923,173 "
Spencer Pulley,"$2,593,750 "
Mike Remmers,"$2,500,000 "
Michael Thomas,"$2,000,000 "
Will Hernandez,"$1,693,350 "
Russell Shepard,"$1,500,000 "
Cody Latimer,"$1,410,000 "
Jabrill Peppers,"$1,405,181 "
Dalvin Tomlinson,"$1,246,937 "
Alex Tanney,"$1,112,500 "
Olsen Pierre,"$943,750 "
Lorenzo Carter,"$928,064 "
Sam Beal,"$927,681 "
B.J. Hill,"$921,724 "
B.J. Goodson,"$865,554 "
Paul Perkins,"$783,137 "
Wayne Gallman,"$749,912 "
Kyle Lauletta,"$746,924 "
Zak DeOssie,"$735,000 "
Bennie Fowler,"$735,000 "
Scott Simonson,"$735,000 "
Nathan Stupar,"$735,000 "
Tony Lippett,"$735,000 "
Jonathan Anderson,"$720,000 "
Corey Coleman,"$720,000 "
Riley Dixon,"$720,000 "
Brian Mihalik,"$720,000 "
Julian Love,"$687,715 "
John Jenkins,"$685,000 "
Chad Wheeler,"$651,668 "
R.J. McIntosh,"$650,368 "
Rod Smith,"$645,000 "
Brittan Golden,"$645,000 "
Jon Halapio,"$645,000 "
Kenny Ladler,"$645,000 "
Elijhaa Penny,"$645,000 "
Aldrick Rosas,"$645,000 "
Ryan Connelly,"$578,723 "
Evan Brown,"$573,333 "
Sean Chandler,"$573,333 "
Tae Davis,"$571,666 "
Garrett Dickerson,"$570,000 "
Grant Haley,"$570,000 "
Kamrin Moore,"$570,000 "
Avery Moss,"$570,000 "
Taybor Pepper,"$570,000 "
Chad Slade,"$570,000 "
Darius Slayton,"$553,497 "
Corey Ballentine,"$541,302 "
George Asafo-adjei,"$518,092 "
Chris Slayton,"$513,893 "
Josiah Tauaefa,"$500,000 "
Alex Wesley,"$500,000 "
Paul Adams,"$498,333 "
C.J. Conrad,"$498,333 "
Mark McLaurin,"$498,333 "
Jake Carlock,"$497,500 "
Eric Dungey,"$496,666 "
Nick Gates,"$496,666 "
James O'Hagan,"$496,666 "
Reggie White,"$496,666 "
Keion Adams,"$495,000 "
Tenny Adewusi,"$495,000 "
Freedom Akinmoladun,"$495,000 "
Ryan Anderson,"$495,000 "
Jake Ceresna,"$495,000 "
Austin Droogsma,"$495,000 "
Jonathan Hilliman,"$495,000 "
Alex Jenkins,"$495,000 "
Alonzo Russell,"$495,000 "
Victor Salako,"$495,000 "
Henre' Toliver,"$495,000 "
Ronald Zamort,"$495,000 "
Deandre Baker,0- 
Antonio Hamilton,0- 
Daniel Jones,0- 
Dexter Lawrence,0- 
Oshane Ximines,0- 
Nate Harvey,"$495,000 "
Jeremiah Harris,"$381,333 "
Jacob Thieneman,"$378,000 "
Daniel Jones,"$4,650,291 "
Dexter Lawrence,"$2,401,439 "
Deandre Baker,"$1,908,359 "
Oshane Ximines,"$703,397 "
Julian Love,"$686,980 "
Ryan Connelly,"$578,723 "
Darius Slayton,"$553,497 "
Corey Ballentine,"$541,302 "
George Asafo-adjei,"$518,004 "
Chris Slayton,"$513,821 "
"Odell Beckham,","$16,000,000 "
Olivier Vernon,"$8,000,000 "
Damon Harrison,"$3,200,000 "
Patrick Omameh,"$3,000,000 "
Eli Apple,"$2,304,968 "
Davis Webb,"$383,210 "
Connor Barwin,"$365,000 "
Darian Thompson,"$209,284 "
Avery Moss,"$127,384 "
Jerell Adams,"$35,716 "
Jeremiah Harris,"$10,000 "
Calvin Munson,"$3,334 "
Josh Banks,$834 
Leonard Williams,"$14,200,000 "
C.J. Mosley,"$13,000,000 "
Trumaine Johnson,"$12,000,000 "
Kelechi Osemele,"$10,200,000 "
Kelvin Beachum,"$9,500,000 "
Le'Veon Bell,"$8,968,750 "
Avery Williamson,"$8,000,000 "
Henry Anderson,"$7,833,333 "
Sam Darnold,"$6,874,479 "
Jamison Crowder,"$6,781,250 "
Brian Winters,"$6,500,000 "
Jamal Adams,"$6,070,566 "
Darryl Roberts,"$4,500,000 "
Brian Poole,"$3,500,000 "
Robby Anderson,"$3,095,000 "
Quincy Enunwa,"$2,800,000 "
Jonotthan Harrison,"$2,750,000 "
Steve McLendon,"$2,750,000 "
Josh Bellamy,"$2,750,000 "
Chandler Catanzaro,"$2,300,000 "
Jordan Jenkins,"$2,205,980 "
Brandon Shell,"$2,083,993 "
Trevor Siemian,"$2,000,000 "
Rontez Miles,"$1,907,000 "
Tom Compton,"$1,837,500 "
Marcus Maye,"$1,787,465 "
Brandon Copeland,"$1,750,000 "
Neville Hewitt,"$1,500,000 "
Brent Qvale,"$1,400,000 "
Eric Tomlinson,"$990,625 "
Nathan Shepherd,"$902,931 "
Jachai Polite,"$775,618 "
Chris Herndon,"$747,841 "
Lac Edwards,"$738,951 "
Charone Peake,"$737,097 "
Daniel Brown,"$735,000 "
Ty Montgomery,"$735,000 "
Neal Sterling,"$735,000 "
Matt Darr,"$720,000 "
Tarell Basham,"$687,500 "
Elijah McGuire,"$687,126 "
Derrick Jones,"$681,261 "
Trevon Wesco,"$670,971 "
Arthur Maulet,"$657,000 "
Deonte Thompson,"$645,000 "
James Burgess,"$645,000 "
Jeremy Clark,"$645,000 "
De'Angelo Henderson,"$645,000 "
Thomas Hennessy,"$645,000 "
Bronson Kaufusi,"$645,000 "
Davis Webb,"$645,000 "
Parry Nickerson,"$614,370 "
Foley Fatukasi,"$613,563 "
Trenton Cannon,"$604,806 "
Tim White,"$575,000 "
Blake Cashman,"$570,773 "
Benjamin Braden,"$570,000 "
Deontay Burnett,"$570,000 "
Luke Falk,"$570,000 "
Quadree Henderson,"$570,000 "
J.J. Jones,"$570,000 "
Harvey Langi,"$570,000 "
Frankie Luvu,"$570,000 "
Doug Middleton,"$570,000 "
Eric Smith,"$570,000 "
Anthony Wint,"$570,000 "
Blessuan Austin,"$535,743 "
Tevaughn Campbell,"$498,333 "
Justin Alexandre,"$495,000 "
Jeff Allison,"$495,000 "
Calvin Anderson,"$495,000 "
John Battle,"$495,000 "
Kyron Brown,"$495,000 "
Brandon Bryant,"$495,000 "
Greg Dortch,"$495,000 "
Valentine Holmes,"$495,000 "
Fred Jones,"$495,000 "
Tyler Jones,"$495,000 "
Toa Lobendahn,"$495,000 "
Wyatt Miller,"$495,000 "
Jordan Morgan,"$495,000 "
Jamey Mosley,"$495,000 "
Kyle Phillips,"$495,000 "
Santos Ramirez,"$495,000 "
Trevon Sanders,"$495,000 "
Jeff Smith,"$495,000 "
MyQuon Stout,"$495,000 "
Jon Toth,"$495,000 "
Chuma Edoga,0- 
Quinnen Williams,0- 
Jalin Moore,"$378,000 "
Quinnen Williams,"$5,893,776 "
Jachai Polite,"$774,549 "
Chuma Edoga,"$710,924 "
Trevon Wesco,"$670,970 "
Blake Cashman,"$570,772 "
Blessuan Austin,"$535,587 "
Isaiah Crowell,"$2,000,000 "
Mike Pennel,"$1,666,667 "
Darron Lee,"$1,325,630 "
Kevin Pierre-Louis,"$500,000 "
ArDarius Stewart,"$423,162 "
Terrence Brooks,"$300,000 "
Chad Hansen,"$209,824 "
Jordan Leggett,"$141,023 "
Juston Burris,"$137,782 "
Dylan Donahue,"$100,968 "
Jeremy Clark,"$74,206 "
Brandon Bryant,"$13,334 "
Derek Carr,"$22,500,000 "
Trenton Brown,"$15,250,000 "
Antonio Brown,"$14,958,333 "
Tyrell Williams,"$10,100,000 "
Rodney Hudson,"$10,017,000 "
LaMarcus Joyner,"$9,050,000 "
Gabe Jackson,"$7,000,000 "
Justin Ellis,"$4,750,000 "
Tahir Whitehead,"$4,291,666 "
Karl Joseph,"$3,781,374 "
Jalen Richard,"$3,095,000 "
Daryl Worley,"$3,095,000 "
Kolton Miller,"$3,061,664 "
Nevin Lawson,"$3,050,000 "
Johnathan Hankins,"$2,978,125 "
Gareon Conley,"$2,854,752 "
Erik Harris,"$2,500,000 "
Doug Martin,"$2,020,000 "
Mike Glennon,"$1,865,625 "
Vontaze Burfict,"$1,803,125 "
Derek Carrier,"$1,700,000 "
Benson Mayowa,"$1,700,000 "
Dwayne Harris,"$1,680,000 "
Denzell Good,"$1,675,000 "
Keith Smith,"$1,500,000 "
Kyle Wilber,"$1,500,000 "
Josh Mauro,"$1,400,000 "
Brandon Marshall,"$1,350,000 "
Ryan Grant,"$1,250,000 "
P.J. Hall,"$1,069,154 "
J.J. Nelson,"$1,000,000 "
Brandon Parker,"$930,758 "
Andrew DePaola,"$905,000 "
Eddie Vanderdoes,"$869,303 "
Arden Key,"$830,844 "
Curtis Riley,"$810,000 "
DeAndre Washington,"$787,302 "
Nick Nelson,"$744,670 "
Jordan Devey,"$735,000 "
Jordan Richards,"$735,000 "
Luke Willson,"$735,000 "
Darren Waller,"$720,000 "
Marquel Lee,"$708,423 "
Maxx Crosby,"$690,566 "
Isaiah Johnson,"$660,573 "
Maurice Hurst,"$649,761 "
Nicholas Morrow,"$647,500 "
Richie Incognito,"$645,000 "
James Cowser,"$645,000 "
Denver Kirkland,"$645,000 "
Nathan Peterman,"$645,000 "
David Sharpe,"$645,000 "
Erik Swoope,"$645,000 "
Gabe Wright,"$645,000 "
Johnny Townsend,"$624,388 "
Foster Moreau,"$617,098 "
Hunter Renfrow,"$573,987 "
Marcell Ateman,"$570,000 "
Jason Cabinda,"$570,000 "
Daniel Carlson,"$570,000 "
Makinton Dorleant,"$570,000 "
Keon Hatcher,"$570,000 "
Montrel Meander,"$570,000 "
Justin Murray,"$570,000 "
Ternt Sieg,"$570,000 "
Quinton Bell,"$519,035 "
Rico Gafford,"$505,300 "
Keelan Doss,"$502,500 "
Keisean Nixon,"$500,000 "
Koa Farmer,"$498,333 "
Alec Ingold,"$498,333 "
Andre James,"$498,333 "
Te'Von Coney,"$498,000 "
Lester Cotton,"$497,500 "
Dylan Mabin,"$497,500 "
Lukayus McNeil,"$496,666 "
Tyler Roemer,"$495,833 "
Alex Barrett,"$495,000 "
Saeed Blacknall,"$495,000 "
Brian Burt,"$495,000 "
Paul Butler,"$495,000 "
A.J. Cole,"$495,000 "
D.J. Killings,"$495,000 "
Dallin Leavitt,"$495,000 "
Ronald Ollie,"$495,000 "
Chris Warren,"$495,000 "
Johnathan Abram,0- 
Clelin Ferrell,0- 
Josh Jacobs,0- 
Trayvon Mullen,0- 
Isaiah Crowell,"$1,250,000 "
Ryan Yurachek,"$378,000 "
Clelin Ferrell,"$5,682,117 "
Josh Jacobs,"$2,163,326 "
Johnathan Abram,"$2,083,955 "
Trayvon Mullen,"$1,316,699 "
Maxx Crosby,"$689,820 "
Isaiah Johnson,"$659,942 "
Foster Moreau,"$616,633 "
Hunter Renfrow,"$573,686 "
Quinton Bell,"$518,946 "
Jordy Nelson,"$1,800,000 "
Donald Penn,"$1,750,000 "
Lee Smith,"$733,335 "
Obi Melifonwu,"$709,774 "
David Sharpe,"$293,206 "
Connor Cook,"$154,972 "
Azeem Victor,"$88,806 "
Marcell Ateman,"$69,777 "
Shalom Luani,"$47,206 "
Jylan Ware,"$42,146 "
Treyvon Hester,"$34,300 "
Vadal Alexander,"$19,212 "
Eddy Piniero,"$16,667 "
Alshon Jeffery,"$14,725,000 "
Brandon Brooks,"$11,978,397 "
Fletcher Cox,"$11,902,000 "
Malcolm Jenkins,"$11,387,000 "
Nelson Agholor,"$9,387,000 "
Jason Peters,"$8,666,668 "
Carson Wentz,"$8,487,927 "
Lane Johnson,"$7,056,206 "
Zach Ertz,"$6,291,500 "
Rodney McLeod,"$4,843,750 "
Nigel Bradham,"$4,635,000 "
Derek Barnett,"$3,504,756 "
Brandon Graham,"$3,500,000 "
DeSean Jackson,"$3,164,000 "
Nate Sudfeld,"$3,095,000 "
Ronald Darby,"$2,825,000 "
Malik Jackson,"$2,800,000 "
Zach Brown,"$2,500,000 "
Jason Kelce,"$2,444,000 "
Andre Dillard,"$2,249,197 "
Vinny Curry,"$2,187,500 "
Halapoulivaati Vaitai,"$2,081,282 "
Jalen Mills,"$2,044,214 "
Jordan Howard,"$2,025,000 "
Isaac Seumalo,"$1,739,966 "
Sidney Jones,"$1,674,570 "
Timmy Jernigan,"$1,625,000 "
Stefen Wisniewski,"$1,500,000 "
L.J. Fort,"$1,410,416 "
Andrew Sendejo,"$1,300,000 "
Dallas Goedert,"$1,278,243 "
Blake Countess,"$1,050,000 "
Miles Sanders,"$972,759 "
Richard Rodgers,"$955,000 "
J.J. Arcega-Whiteside,"$898,678 "
Rasul Douglas,"$846,572 "
Mack Hollins,"$803,917 "
Wendell Smallwood,"$781,146 "
Charles Johnson,"$770,000 "
Avonte Maddox,"$726,478 "
Tyreek Burwell,"$720,000 "
Kamu Grugier-Hill,"$720,000 "
Deiondre' Hall,"$720,000 "
Josh Hawkins,"$720,000 "
Cody Kessler,"$720,000 "
Crevon LeBlanc,"$720,000 "
Rick Lovato,"$720,000 "
Hassan Ridgeway,"$720,000 "
Will Tye,"$720,000 "
Josh Sweat,"$719,397 "
Shelton Gibson,"$709,309 "
Corey Clement,"$648,334 "
Paul Worrilow,"$645,000 "
Jake Elliott,"$645,000 "
Anthony Fabiano,"$645,000 "
Nate Gerry,"$645,000 "
Daeshon Hall,"$645,000 "
Treyvon Hester,"$645,000 "
Braxton Miller,"$645,000 "
Joshua Perkins,"$645,000 "
Shreef Miller,"$616,632 "
Matt Pryor,"$603,195 "
Jordan Mailata,"$592,348 "
Cameron Johnston,"$577,500 "
Josh Adams,"$570,000 "
Carlton Agudosi,"$570,000 "
Bruce Hector,"$570,000 "
Godwin Igwebuike,"$570,000 "
Boston Scott,"$570,000 "
Tre' Sullivan,"$570,000 "
Clayton Thorson,"$563,330 "
Iosua Opeta,"$503,333 "
Joey Alfieri,"$495,000 "
Ryan Bates,"$495,000 "
T.J. Edwards,"$495,000 "
Nate Herbig,"$495,000 "
Jay Liggins,"$495,000 "
Jeremiah McKinnon,"$495,000 "
Marken Michel,"$495,000 "
Joe Ostman,"$495,000 "
Donnel Pumphrey,"$495,000 "
Keegan Render,"$495,000 "
Devin Ross,"$495,000 "
Anthony Rush,"$495,000 "
Alex Singleton,"$495,000 "
Deandre Thompkins,"$495,000 "
Casey Tucker,"$495,000 "
Greg Ward,"$495,000 "
Kevin Wilkins,"$495,000 "
Trae Elston,0- 
Andre Dillard,"$2,242,696 "
Miles Sanders,"$972,758 "
J.J. Arcega-Whiteside,"$898,677 "
Shreef Miller,"$616,633 "
Clayton Thorson,"$563,330 "
Timmy Jernigan,"$6,000,000 "
Nick Foles,"$2,800,000 "
Mychal Kendricks,"$1,600,000 "
Stefen Wisniewski,"$708,334 "
Chris Long,"$300,000 "
Donnel Pumphrey,"$287,944 "
Chris Maragos,"$250,000 "
Elijah Qualls,"$63,602 "
Josh Adams,"$16,667 "
Joe Walker,"$15,034 "
Chandon Sullivan,"$10,667 "
Billy Brown,"$10,000 "
Bryce Treggs,"$10,000 "
Jeremy Reaves,"$6,667 "
Toby Weathersby,"$6,667 "
Greg Ward,"$3,750 "
Bruce Hector,"$3,334 "
Adam Zaruba,"$1,667 "
Randall Goforth,$668 
Ben Roethlisberger,"$26,200,000 "
Cameron Heyward,"$14,901,250 "
Stephon Tuitt,"$13,642,000 "
David DeCastro,"$11,967,500 "
Joe Haden,"$11,916,668 "
Bud Dupree,"$9,232,000 "
Alejandro Villanueva,"$8,390,000 "
Maurkice Pouncey,"$7,951,000 "
Vance McDonald,"$5,780,625 "
Chris Boswell,"$4,200,000 "
Steven Nelson,"$4,000,000 "
Mark Barron,"$3,875,000 "
Vince Williams,"$3,836,666 "
Devin Bush,"$3,431,230 "
Donte Moncrief,"$3,250,000 "
B.J. Finney,"$3,095,000 "
Artie Burns,"$3,051,678 "
Ramon Foster,"$2,675,000 "
T.J. Watt,"$2,525,064 "
Terrell Edmunds,"$2,431,315 "
Javon Hargrave,"$2,198,314 "
Tyson Alualu,"$2,125,000 "
Xavier Grimble,"$2,025,000 "
Anthony Chickillo,"$1,903,500 "
Roosevelt Nix,"$1,687,500 "
Jordan Berry,"$1,525,000 "
Eli Rogers,"$1,500,000 "
Sean Davis,"$1,300,401 "
JuJu Smith-Schuster,"$1,144,302 "
Daniel McCullers,"$1,125,000 "
James Washington,"$1,023,033 "
Mason Rudolph,"$891,333 "
Cameron Sutton,"$861,432 "
Jerald Hawkins,"$852,622 "
James Conner,"$844,572 "
Chuks Okorafor,"$823,091 "
Joshua Dobbs,"$784,781 "
Diontae Johnson,"$778,357 "
Tyler Matakevich,"$735,764 "
Justin Layne,"$725,545 "
Kameron Canaday,"$720,000 "
Benny Snell,"$670,517 "
Brian Allen,"$645,000 "
Zach Banner,"$645,000 "
Jordan Dangerfield,"$645,000 "
Trey Edmunds,"$645,000 "
Matt Feiler,"$645,000 "
Mike Hilton,"$645,000 "
Johnny Holton,"$645,000 "
Ryan Switzer,"$645,000 "
Marcus Allen,"$643,159 "
Jaylen Samuels,"$634,516 "
Zach Gentry,"$581,115 "
Olasunkanmi Adeniyi,"$575,000 "
Sutton Smith,"$545,628 "
Isaiah Buggs,"$537,158 "
Ulysees Gilbert,"$526,838 "
Derwin Gray,"$521,362 "
Alexander Myres,"$501,666 "
Fred Johnson,"$500,000 "
Trevor Wood,"$497,333 "
Matthew Wright,"$496,666 "
Ian Berryman,"$495,666 "
Dravon Askew-Henry,"$495,000 "
Marcelis Branch,"$495,000 "
Garrett Brumfield,"$495,000 "
Winston Craig,"$495,000 "
Greg Gilmore,"$495,000 "
Trey Griffey,"$495,000 "
J.C. Hassenauer,"$495,000 "
Devlin Hodges,"$495,000 "
Lavon Hooks,"$495,000 "
Tevin Jones,"$495,000 "
J’terius Jones,"$495,000 "
Kam Kelly,"$495,000 "
P.J. Locke,"$495,000 "
Travon McMillan,"$495,000 "
Henry Mondeaux,"$495,000 "
Patrick Morris,"$495,000 "
Damian Prince,"$495,000 "
Kevin Rader,"$495,000 "
Casey Sayles,"$495,000 "
Tegray Scales,"$495,000 "
Christian Scotland-Williamson,"$495,000 "
Conor Sheehy,"$495,000 "
Tuzar Skipper,"$495,000 "
Diontae Spencer,"$495,000 "
Robert Spillane,"$495,000 "
Herb Waters,"$495,000 "
Ralph Webb,"$495,000 "
Malik Williams,"$495,000 "
Ryan Shazier,"$473,000 "
Devin Bush,"$3,420,037 "
Diontae Johnson,"$777,278 "
Justin Layne,"$724,666 "
Benny Snell,"$669,848 "
Zach Gentry,"$580,787 "
Sutton Smith,"$545,629 "
Isaiah Buggs,"$536,998 "
Ulysees Gilbert,"$526,838 "
Derwin Gray,"$521,362 "
Antonio Brown,"$21,120,000 "
Morgan Burnett,"$2,833,334 "
Marcus Gilbert,"$1,728,500 "
Jon Bostic,"$700,000 "
Brian Allen,"$115,088 "
Joshua Frazier,"$54,404 "
Keion Adams,"$33,008 "
Matthew Thomas,"$6,667 "
Trey Johnson,"$2,500 "
Jimmy Garoppolo,"$19,350,000 "
Dee Ford,"$14,600,000 "
Kwon Alexander,"$11,531,250 "
Joe Staley,"$10,950,000 "
Richard Sherman,"$9,800,000 "
Arik Armstead,"$9,046,000 "
Weston Richburg,"$7,835,000 "
Solomon Thomas,"$7,678,465 "
Kyle Juszczyk,"$5,950,000 "
DeForest Buckner,"$5,788,044 "
Jerick McKinnon,"$5,750,000 "
Malcolm Smith,"$5,537,500 "
Jaquiski Tartt,"$4,850,000 "
Mike McGlinchey,"$4,168,580 "
Marquise Goodwin,"$3,968,750 "
Jimmie Ward,"$3,843,750 "
Laken Tomlinson,"$3,750,000 "
Tevin Coleman,"$3,600,000 "
Joshua Garnett,"$2,960,463 "
Michael Person,"$2,750,000 "
Garrett Celek,"$2,703,125 "
K'Waun Williams,"$2,568,750 "
Shon Coleman,"$2,025,000 "
Raheem Mostert,"$1,895,833 "
Jordan Matthews,"$1,706,250 "
Mark Nzeocha,"$1,650,000 "
Jason Verrett,"$1,500,000 "
Dante Pettis,"$1,454,671 "
David Mayo,"$1,250,000 "
Ahkello Witherspoon,"$1,058,768 "
Kyle Nelson,"$1,051,764 "
C.J. Beathard,"$962,358 "
Fred Warner,"$915,684 "
Tarvarius Moore,"$799,093 "
Ronald Blair,"$787,602 "
Jalen Hurd,"$778,123 "
Antone Exum,"$735,000 "
Sheldon Day,"$720,000 "
George Kittle,"$719,571 "
Trent Taylor,"$695,484 "
Mitch Wishnowsky,"$686,018 "
D.J. Jones,"$681,963 "
Adrian Colbert,"$666,196 "
D.J. Reed,"$647,842 "
Kentavius Street,"$647,550 "
Kendrick Bourne,"$646,668 "
Matt Breida,"$646,668 "
Erik Magnunson,"$646,334 "
Ben Garland,"$645,000 "
Dontae Johnson,"$645,000 "
LaRoy Reynolds,"$645,000 "
Colin Holba,"$645,000 "
Elijah Lee,"$645,000 "
Greg Mabin,"$645,000 "
Cedric Thornton,"$630,000 "
Marcell Harris,"$611,573 "
Jullian Taylor,"$594,510 "
Richie James,"$589,142 "
Dre Greenlaw,"$575,429 "
Willie Beavers,"$570,000 "
Ross Dwelley,"$570,000 "
Kapron Lewis-Moore,"$570,000 "
Max McCaffrey,"$570,000 "
Nick Mullens,"$570,000 "
Tyree Robinson,"$570,000 "
Najee Toran,"$570,000 "
Jeff Wilson,"$570,000 "
Kaden Smith,"$545,002 "
Justin Skule,"$539,714 "
Tim Harris,"$534,577 "
Azeez Al-Shaair,"$500,000 "
Malik Henry,"$500,000 "
Demetrius Flannigan-Fowles,"$499,166 "
Kevin Givens,"$499,000 "
Jamell Garcia-Williams,"$498,333 "
Tyree Mayfield,"$498,333 "
Shawn Poindexter,"$496,666 "
Wilton Speight,"$496,666 "
Ross Reynolds,"$495,666 "
Jonathan Brown,"$495,000 "
Alex Brown,"$495,000 "
Daniel Brunskill,"$495,000 "
Christian Dilauro,"$495,000 "
Emmanuel Moseley,"$495,000 "
Austin Walter,"$495,000 "
Nick Bosa,0- 
Wesley Johnson,0- 
Deebo Samuel,0- 
Levine Toilolo,0- 
Nick Bosa,"$6,078,972 "
Deebo Samuel,"$1,396,071 "
Jalen Hurd,"$776,235 "
Mitch Wishnowsky,"$685,290 "
Dre Greenlaw,"$575,122 "
Kaden Smith,"$544,813 "
Justin Skule,"$539,714 "
Tim Harris,"$534,426 "
Pierre Garcon,"$7,200,000 "
Brock Coyle,"$2,500,000 "
Reuben Foster,"$2,355,660 "
Earl Mitchell,"$1,500,000 "
Dekoda Watson,"$333,334 "
Joe Williams,"$314,692 "
Pita Taumoepenu,"$72,722 "
Aaron Burbridge,"$25,089 "
Cam Glenn,"$25,000 "
Tarvarus McFadden,"$13,334 "
Jeff Wilson,"$6,667 "
Victor Bolden,"$2,668 "
Russell Wilson,"$26,286,668 "
Bobby Wagner,"$14,037,500 "
Duane Brown,"$10,850,000 "
Justin Britt,"$7,916,666 "
Ezekiel Ansah,"$7,875,000 "
Tyler Lockett,"$7,357,000 "
Barkevious Mingo,"$5,300,000 "
K.J. Wright,"$4,984,375 "
Bradley McDougald,"$4,733,333 "
Ed Dickson,"$4,416,666 "
Jaron Brown,"$3,725,000 "
George Fant,"$3,095,000 "
Mychal Kendricks,"$3,000,000 "
Germain Ifedi,"$2,629,808 "
Mike Iupati,"$2,562,500 "
Jason Myers,"$2,500,000 "
Rashaad Penny,"$2,446,690 "
Al Woods,"$2,212,500 "
D.J. Fluker,"$2,125,000 "
Quinton Jefferson,"$2,025,000 "
L.J. Collier,"$1,970,196 "
Cassius Marsh,"$1,850,000 "
Jarran Reed,"$1,555,796 "
Akeem King,"$1,400,000 "
Ethan Pocic,"$1,202,463 "
Marquise Blair,"$1,133,936 "
Nick Bellore,"$1,080,000 "
Neiko Thorpe,"$1,000,000 "
C.J. Prosise,"$918,116 "
Nick Vannett,"$900,220 "
Shaquill Griffin,"$869,655 "
Rasheem Green,"$867,139 "
Delano Hill,"$859,869 "
Amara Darboh,"$844,572 "
Nazair Jones,"$844,572 "
D.K. Metcalf,"$833,827 "
Tedric Thompson,"$813,001 "
Geno Smith,"$735,000 "
Jamar Taylor,"$735,000 "
Will Dissly,"$732,567 "
Joey Hunt,"$720,000 "
Branden Jackson,"$720,000 "
J.D. McKissic,"$720,000 "
Jamie Meder,"$720,000 "
Tyler Ott,"$720,000 "
Kalan Reed,"$720,000 "
Gary Jennings,"$672,733 "
Phil Haynes,"$667,718 "
Christopher Carson,"$661,282 "
Ugo Amadi,"$656,299 "
Shaquem Griffin,"$649,404 "
Marcus Martin,"$645,000 "
Marwin Evans,"$645,000 "
Jacob Hollister,"$645,000 "
Shalom Luani,"$645,000 "
Paxton Lynch,"$645,000 "
David Moore,"$645,000 "
Tre Flowers,"$644,682 "
Michael Dickson,"$642,537 "
Jake Martin,"$610,509 "
Ben Burr-Kirven,"$580,403 "
Poona Ford,"$572,666 "
Austin Calitro,"$570,000 "
Justin Currie,"$570,000 "
Emmanuel Ellerbe,"$570,000 "
Keenan Reynolds,"$570,000 "
Jordan Roos,"$570,000 "
Jordan Simmons,"$570,000 "
Malik Turner,"$570,000 "
Jamarco Jones,"$556,250 "
Travis Homer,"$530,704 "
Demarcus Christmas,"$526,960 "
John Ursua,"$515,590 "
Davante Davis,"$498,333 "
Derrek Thomas,"$498,333 "
Terry Wright,"$498,333 "
Jazz Ferguson,"$497,666 "
Demetrius Knox,"$497,666 "
Justin Johnson,"$496,666 "
Jay-Tee Tiuli,"$496,000 "
Jalen Harvey,"$495,666 "
Bryan Mone,"$495,333 "
Jeremy Boykins,"$495,000 "
Elijah Nkansah,"$495,000 "
Bo Scarbrough,"$495,000 "
Caleb Scott,"$495,000 "
Marcelias Sutton,"$495,000 "
Tyrone Swoopes,"$495,000 "
Simeon Thomas,"$495,000 "
Cody Barton,0- 
Adam Choice,"$378,600 "
L.J. Collier,"$1,964,574 "
Marquise Blair,"$1,131,500 "
D.K. Metcalf,"$832,536 "
Cody Barton,"$715,189 "
Gary Jennings,"$672,733 "
Phil Haynes,"$667,061 "
Ugo Amadi,"$655,684 "
Ben Burr-Kirven,"$580,403 "
Travis Homer,"$530,704 "
Demarcus Christmas,"$526,838 "
John Ursua,"$515,589 "
Kam Chancellor,"$10,200,000 "
Doug Baldwin,"$6,287,500 "
Malik McDowell,"$1,599,253 "
Jon Ryan,"$600,000 "
Rees Odhiambo,"$161,355 "
Alex McGough,"$77,768 "
Ka'Raun White,"$14,000 "
Taryn Christion,"$10,000 "
Khalid Hill,"$8,000 "
Jordan Roos,"$6,668 "
Mik'Quan Deane,"$5,000 "
Emmanuel Beal,"$1,334 "
Jameis Winston,"$20,922,000 "
Mike Evans,"$20,000,000 "
Jason Pierre-Paul,"$14,900,000 "
Donovan Smith,"$12,500,000 "
Ali Marpet,"$11,025,000 "
Ryan Jensen,"$10,000,000 "
Lavonte David,"$9,750,000 "
Ndamukong Suh,"$9,250,000 "
Cameron Brate,"$7,000,000 "
Demar Dotson,"$4,803,125 "
Vernon Hargreaves,"$4,511,076 "
Beau Allen,"$4,000,000 "
Breshad Perriman,"$4,000,000 "
Shaquil Barrett,"$4,000,000 "
William Gholston,"$3,750,000 "
Vita Vea,"$3,369,145 "
O.J. Howard,"$3,025,805 "
Bradley Pinion,"$2,600,000 "
Deone Bucannon,"$2,500,000 "
Ryan Smith,"$2,173,041 "
Peyton Barber,"$2,125,000 "
Caleb Benenoch,"$2,088,297 "
Carl Nassib,"$2,025,000 "
Evan Smith,"$2,000,000 "
Noah Spence,"$1,920,642 "
Ronald Jones,"$1,607,251 "
Blaine Gabbert,"$1,593,750 "
Justin Evans,"$1,417,989 "
Sean Bunting,"$1,341,090 "
Ryan Griffin,"$1,255,000 "
M.J. Stewart,"$1,155,253 "
Cairo Santos,"$1,000,000 "
Carlton Davis,"$998,435 "
Kentrell Brice,"$975,000 "
Chris Godwin,"$875,041 "
Earl Watford,"$870,000 "
Alex Cappa,"$813,426 "
Jordan Whitehead,"$736,814 "
Kevin Minter,"$735,000 "
Rakeem Nunez-Roches,"$735,000 "
Devante Harris,"$720,000 "
Anthony Nelson,"$688,020 "
Antony Auclair,"$651,668 "
Justin Watson,"$645,434 "
Andre Ellington,"$645,000 "
Corey Nelson,"$645,000 "
Devante Bond,"$645,000 "
Isaiah Johnson,"$645,000 "
Jordan Leggett,"$645,000 "
Michael Liedtke,"$645,000 "
Bobo Wilson,"$645,000 "
Jack Cichy,"$606,344 "
Matt Gay,"$576,443 "
Shaun Wilson,"$573,333 "
K.J. Brent,"$570,000 "
Demone Harris,"$570,000 "
Tanner Hudson,"$570,000 "
Jeremiah Ledbetter,"$570,000 "
Pat O'Connor,"$570,000 "
Scott Miller,"$526,960 "
Terry Beckner,"$523,079 "
Zack Bailey,"$502,500 "
Jalen Allison,"$495,000 "
Bruce Anderson,"$495,000 "
Cole Boozer,"$495,000 "
Kahzin Daniels,"$495,000 "
Lukas Denis,"$495,000 "
D’Cota Dixon,"$495,000 "
Donnie Ernsberger,"$495,000 "
Nick Fitzgerald,"$495,000 "
Ruben Holcomb,"$495,000 "
Farrington Huguenin,"$495,000 "
Anthony Johnson,"$495,000 "
David Kenney,"$495,000 "
DaMarkus Lodge,"$495,000 "
Riley Mayfield,"$495,000 "
Bryant Mitchell,"$495,000 "
Dare Odeyingbo,"$495,000 "
Dare Ogunbowale,"$495,000 "
Brock Ruble,"$495,000 "
Spencer Schnell,"$495,000 "
Cortrelle Simpson,"$495,000 "
Emmanuel Smith,"$495,000 "
Orion Stewart,"$495,000 "
Nate Trewyn,"$495,000 "
Zach Triner,"$495,000 "
Xavier Ubosi,"$495,000 "
Jamel Dean,0- 
Mike Edwards,0- 
Devin White,0- 
Kendell Beckwith,"$844,572 "
Devin White,"$5,311,717 "
Sean Bunting,"$1,337,865 "
Jamel Dean,"$705,906 "
Mike Edwards,"$685,379 "
Anthony Nelson,"$688,020 "
Matt Gay,"$576,133 "
Scott Miller,"$526,838 "
Terry Beckner,"$522,971 "
Mitch Unrein,"$1,000,000 "
Stevie Tu'ikolovatu,"$45,566 "
Stevie Tu'ikolovatu,"$45,566 "
Devante Bond,"$36,176 "
Godwin Igwebuike,"$13,334 "
Cole Gardner,"$1,668 "
Sergio Bailey,$667 
Marcus Mariota,"$20,922,000 "
Taylor Lewan,"$16,700,000 "
Malcolm Butler,"$13,100,000 "
Jurrell Casey,"$12,718,750 "
Logan Ryan,"$10,666,668 "
DaQuan Jones,"$7,333,333 "
Corey Davis,"$6,925,830 "
Rodger Saffold,"$6,375,000 "
Delanie Walker,"$6,327,916 "
Ben Jones,"$5,375,000 "
Cameron Wake,"$5,239,583 "
Jack Conklin,"$5,058,346 "
Adam Humphries,"$5,000,000 "
Dion Lewis,"$4,862,500 "
Wesley Woodyard,"$4,111,870 "
Ryan Succop,"$3,200,000 "
Kenny Vaccaro,"$3,156,250 "
Adoree' Jackson,"$3,077,123 "
Brett Kern,"$2,950,000 "
Rashaan Evans,"$2,631,180 "
Daren Bates,"$2,416,668 "
Jeffery Simmons,"$2,302,501 "
Kevin Byard,"$2,249,265 "
Tajae Sharpe,"$2,093,721 "
Ryan Tannehill,"$1,875,000 "
Austin Johnson,"$1,801,619 "
Derrick Henry,"$1,720,706 "
Dennis Kelly,"$1,608,334 "
Brent Urban,"$1,550,000 "
Harold Landry,"$1,530,384 "
Beau Brinkley,"$1,418,000 "
Kevin Pamphile,"$1,396,875 "
Kamalei Correa,"$1,234,043 "
Taywan Taylor,"$1,002,503 "
Austin Pasztor,"$930,000 "
Jonnu Smith,"$845,572 "
LeShaun Sims,"$779,548 "
Nate Davis,"$728,670 "
David Fluellen,"$720,000 "
Hroniss Grasu,"$720,000 "
Darius Jennings,"$720,000 "
Mike Jordan,"$720,000 "
MyCole Pruitt,"$720,000 "
Jayon Brown,"$712,888 "
Amani Hooker,"$678,370 "
Corey Levin,"$672,503 "
Riley Bullough,"$645,000 "
Tyler Marz,"$645,000 "
Jeremy McNichols,"$645,000 "
Kalif Raymond,"$645,000 "
Cole Wick,"$645,000 "
Dane Cruikshank,"$641,973 "
Sharif Finch,"$575,333 "
Matt Dickerson,"$573,000 "
Aaron Stinnie,"$571,666 "
Cameron Batson,"$570,000 "
Dalyn Dawkins,"$570,000 "
Jamil Douglas,"$570,000 "
Kenneth Durden,"$570,000 "
Anthony Firkser,"$570,000 "
Nigel Harris,"$570,000 "
Joshua Kalu,"$570,000 "
LaTroy Lewis,"$570,000 "
Gimel President,"$570,000 "
Jalen Tolliver,"$570,000 "
D'Andre Walker,"$561,687 "
David Long,"$537,429 "
Austin Barnard,"$495,666 "
Alex Barnes,"$495,000 "
Amani Bledsoe,"$495,000 "
Cody Conway,"$495,000 "
A.T. Hall,"$495,000 "
Frank Herron,"$495,000 "
Parker Hesse,"$495,000 "
Cody Hollister,"$495,000 "
Braxton Hoyett,"$495,000 "
Isaiah Mack,"$495,000 "
Kareem Orr,"$495,000 "
Joe Parker,"$495,000 "
D’Andre Payne,"$495,000 "
David Quessenberry,"$495,000 "
Anthony Ratliff-Williams,"$495,000 "
Derick Roberson,"$495,000 "
JoJo Tillery,"$495,000 "
Keith Towbridge,"$495,000 "
Damon Webb,"$495,000 "
LaDarius Wiley,"$495,000 "
Logan Woodside,"$495,000 "
A.J. Brown,0- 
Tye Smith,0- 
Jeffery Simmons,"$2,295,611 "
A.J. Brown,"$1,025,673 "
Nate Davis,"$727,779 "
Amani Hooker,"$678,370 "
D'Andre Walker,"$561,687 "
David Long,"$537,429 "
John Cyprien,"$1,500,000 "
Josh Kline,"$1,500,000 "
Kevin Dodd,"$741,328 "
Blaine Gabbert,"$500,000 "
Luke Falk,"$111,624 "
Aaron Wallace,"$22,044 "
Mike Ramsay,"$9,334 "
Cameron Batson,"$5,334 "
Deontay Burnett,"$3,334 "
NIco Falah,"$3,334 "
Joshua Kalu,"$3,334 "
Elijah Nkansah,"$3,334 "
Damon Webb,"$3,334 "
Rico Gafford,"$2,334 "
Devin Ross,"$2,000 "
Akrum Wadley,"$2,000 "
Jordan Veasy,"$1,667 "
Dalyn Dawkins,"$1,200 "
Alex Smith,"$20,400,000 "
Trent Williams,"$14,729,005 "
Josh Norman,"$14,500,000 "
Ryan Kerrigan,"$13,950,000 "
Brandon Scherff,"$12,525,000 "
Jordan Reed,"$9,674,125 "
Paul Richardson,"$7,218,750 "
Morgan Moses,"$6,900,000 "
Vernon Davis,"$6,302,084 "
Mason Foster,"$4,250,000 "
Quinton Dunbar,"$4,109,375 "
Landon Collins,"$4,000,000 "
Chris Thompson,"$3,906,250 "
Case Keenum,"$3,500,000 "
Colt McCoy,"$3,375,000 "
Da'Ron Payne,"$3,276,900 "
Dustin Hopkins,"$3,225,357 "
Ereck Flowers,"$3,203,125 "
Josh Doctson,"$3,197,615 "
Jonathan Allen,"$3,162,648 "
Dwayne Haskins,"$2,621,202 "
Matthew Ioannidis,"$2,525,000 "
Montez Sweat,"$2,116,593 "
Tress Way,"$1,900,000 "
Adrian Peterson,"$1,780,000 "
Deshazor Everett,"$1,475,000 "
Ryan Anderson,"$1,452,197 "
Nick Sundberg,"$1,082,500 "
Derrius Guice,"$1,032,258 "
Fabian Moreau,"$890,348 "
Geron Christian,"$889,248 "
Samaje Perine,"$809,945 "
Marquis Flowers,"$805,000 "
Marcus Smith,"$805,000 "
Montae Nicholson,"$799,723 "
Troy Apke,"$745,908 "
Tony Bergstrom,"$735,000 "
Byron Marshall,"$720,000 "
Jeremy Sprinkle,"$714,125 "
Dominique Rodgers-Cromartie,"$690,000 "
Bryce Love,"$683,583 "
Chase Roullier,"$681,792 "
Josh Harvey-Clemons,"$666,076 "
Wes Martin,"$657,702 "
Brian Quick,"$645,000 "
Zac Kerin,"$645,000 "
Caleb Brantley,"$645,000 "
Tyler Catalina,"$645,000 "
Jehu Chesson,"$645,000 "
Tim Settle,"$637,010 "
Adonis Alexander,"$609,048 "
Shaun-Dion Hamilton,"$608,252 "
Greg Stroman,"$588,944 "
Trey Quinn,"$587,267 "
Danny Johnson,"$573,333 "
Ross Pierschbacher,"$572,706 "
Robert Davis,"$570,000 "
Casey Dunn,"$570,000 "
Andrew East,"$570,000 "
Matt Flanagan,"$570,000 "
Cassanova Mckinzy,"$570,000 "
Cole Holcomb,"$553,721 "
Kelvin Harmon,"$526,960 "
Jimmy Moreland,"$519,473 "
Jordan Brailford,"$513,644 "
JoJo McIntosh,"$500,333 "
Bryan Blunt,"$500,000 "
Steven Sims,"$500,000 "
Todd Rahming,"$498,333 "
Ryan Bee,"$496,666 "
Andrew Ankrah,"$495,000 "
Jonathan Bonner,"$495,000 "
Jerald Foster,"$495,000 "
Manasseh Garner,"$495,000 "
DeMarquis Gates,"$495,000 "
Blake Hance,"$495,000 "
Deion Harris,"$495,000 "
J.P. Holtz,"$495,000 "
Darvin Kidsy,"$495,000 "
Austin Maloata,"$495,000 "
Timon Parris,"$495,000 "
Jeremy Reaves,"$495,000 "
Craig Reynolds,"$495,000 "
Cam Sims,"$495,000 "
Brian Wallace,"$495,000 "
Elijah Wellman,"$495,000 "
Jojo Wicker,"$495,000 "
Josh Woodrum,"$495,000 "
Jon Bostic,0- 
Terry McLaurin,0- 
Reuben Foster,"$1,286,392 "
Dwayne Haskins,"$2,613,100 "
Montez Sweat,"$2,110,408 "
Terry McLaurin,"$744,849 "
Bryce Love,"$682,865 "
Wes Martin,"$657,082 "
Ross Pierschbacher,"$572,410 "
Cole Holcomb,"$553,497 "
Kelvin Harmon,"$526,838 "
Jimmy Moreland,"$519,380 "
Jordan Brailford,"$513,572 "
Zach Brown,"$3,000,000 "
Stacy McGee,"$2,400,000 "
D.J. Swearinger,"$1,333,334 "
Orlando Scandrick,"$500,000 "
Joshua Holsey,"$40,472 "
Chidi Okeke,"$25,000 "
Keith Marshall,"$16,389 "
Juwann Bushell-Beatty,"$15,000 "
